time,Bx,By,Bz,Btotal
2024-04-26 12:44:05.7840,-15.780,21.250,-14.680,30.270
2024-04-26 12:44:05.8820,-16.180,21.230,-14.170,30.220
2024-04-26 12:44:05.9830,-16.370,21.140,-14.640,30.480
2024-04-26 12:44:06.0830,-16.490,21.070,-14.510,30.430
2024-04-26 12:44:06.1820,-16.010,21.060,-14.610,30.230
2024-04-26 12:44:06.2820,-16.360,20.970,-14.850,30.460
2024-04-26 12:44:06.3820,-15.900,21.070,-14.630,30.180
2024-04-26 12:44:06.4810,-16.110,21.060,-14.620,30.280
2024-04-26 12:44:06.5810,-16.360,20.800,-14.200,30.040
2024-04-26 12:44:06.6800,-16.260,21.160,-14.250,30.250
2024-04-26 12:44:06.7800,-16.300,21.240,-14.550,30.470
2024-04-26 12:44:06.8790,-16.070,21.260,-14.200,30.190
2024-04-26 12:44:06.9780,-15.730,21.280,-14.340,30.100
2024-04-26 12:44:07.0780,-15.970,21.380,-14.640,30.440
2024-04-26 12:44:07.1780,-16.050,21.510,-14.750,30.620
2024-04-26 12:44:07.2760,-16.100,21.420,-14.260,30.360
2024-04-26 12:44:07.3760,-16.250,21.520,-14.300,30.530
2024-04-26 12:44:07.4760,-15.860,21.640,-14.170,30.340
2024-04-26 12:44:07.5740,-15.910,21.220,-13.950,29.970
2024-04-26 12:44:07.6750,-15.890,21.160,-14.380,30.120
2024-04-26 12:44:07.7730,-15.780,21.400,-13.830,29.970
2024-04-26 12:44:07.8740,-15.680,21.220,-14.380,30.050
2024-04-26 12:44:07.9730,-16.250,21.220,-14.270,30.300
2024-04-26 12:44:08.0720,-16.180,21.170,-14.350,30.270
2024-04-26 12:44:08.1730,-16.090,21.240,-14.530,30.350
2024-04-26 12:44:08.2710,-15.700,21.300,-14.130,30.000
2024-04-26 12:44:08.3710,-15.840,21.350,-14.500,30.280
2024-04-26 12:44:08.4700,-15.800,21.380,-14.480,30.270
2024-04-26 12:44:08.5710,-15.930,21.610,-14.070,30.310
2024-04-26 12:44:08.6690,-15.910,21.160,-14.340,30.110
2024-04-26 12:44:08.7690,-15.680,20.860,-14.060,29.640
2024-04-26 12:44:08.8680,-15.750,21.220,-14.370,30.080
2024-04-26 12:44:08.9680,-15.960,21.280,-14.280,30.190
2024-04-26 12:44:09.0670,-15.940,21.130,-14.010,29.940
2024-04-26 12:44:09.1670,-15.970,21.140,-14.420,30.170
2024-04-26 12:44:09.2660,-15.970,21.320,-14.330,30.250
2024-04-26 12:44:09.3660,-16.140,21.290,-14.640,30.460
2024-04-26 12:44:09.4670,-15.810,20.830,-14.470,29.880
2024-04-26 12:44:09.5660,-16.020,20.830,-14.460,29.990
2024-04-26 12:44:09.6660,-16.200,20.990,-14.220,30.090
2024-04-26 12:44:09.7640,-15.980,21.360,-14.390,30.310
2024-04-26 12:44:09.8640,-16.050,20.980,-14.220,30.000
2024-04-26 12:44:09.9640,-16.100,21.070,-13.630,29.820
2024-04-26 12:44:10.0640,-15.900,21.040,-14.370,30.030
2024-04-26 12:44:10.1630,-15.850,21.130,-14.170,29.980
2024-04-26 12:44:10.2620,-15.880,21.360,-14.460,30.290
2024-04-26 12:44:10.3630,-16.060,21.290,-14.510,30.360
2024-04-26 12:44:10.4620,-15.770,21.390,-14.310,30.180
2024-04-26 12:44:10.5600,-16.040,21.870,-14.240,30.630
2024-04-26 12:44:10.6610,-15.980,21.510,-14.140,30.290
2024-04-26 12:44:10.7610,-16.130,21.200,-14.110,30.150
2024-04-26 12:44:10.8590,-16.170,21.060,-13.830,29.940
2024-04-26 12:44:10.9600,-16.160,21.290,-13.840,30.100
2024-04-26 12:44:11.0580,-16.000,21.340,-13.710,29.990
2024-04-26 12:44:11.1590,-15.610,21.080,-13.510,29.510
2024-04-26 12:44:11.2580,-15.970,21.490,-13.920,30.180
2024-04-26 12:44:11.3580,-15.880,21.000,-14.400,30.010
2024-04-26 12:44:11.4560,-16.200,21.390,-14.390,30.440
2024-04-26 12:44:11.5550,-15.770,21.140,-14.400,30.050
2024-04-26 12:44:11.6550,-15.810,21.660,-14.020,30.260
2024-04-26 12:44:11.7550,-16.060,21.100,-14.260,30.110
2024-04-26 12:44:11.8560,-15.730,21.380,-14.500,30.240
2024-04-26 12:44:11.9550,-15.910,20.840,-14.670,30.050
2024-04-26 12:44:12.0530,-15.600,21.060,-14.130,29.780
2024-04-26 12:44:12.1530,-16.000,21.270,-14.520,30.320
2024-04-26 12:44:12.2520,-16.080,21.300,-14.180,30.230
2024-04-26 12:44:12.3510,-15.750,20.960,-14.620,30.020
2024-04-26 12:44:12.4510,-16.180,21.050,-14.640,30.320
2024-04-26 12:44:12.5510,-15.800,21.110,-14.480,30.080
2024-04-26 12:44:12.6500,-15.870,21.020,-14.390,30.010
2024-04-26 12:44:12.7500,-15.810,21.050,-14.260,29.930
2024-04-26 12:44:12.8490,-16.130,20.880,-14.390,30.050
2024-04-26 12:44:12.9490,-16.350,21.120,-14.480,30.390
2024-04-26 12:44:13.0500,-16.230,21.100,-14.040,30.100
2024-04-26 12:44:13.1500,-16.060,21.410,-14.060,30.240
2024-04-26 12:44:13.2490,-15.940,21.070,-14.320,30.050
2024-04-26 12:44:13.3470,-16.030,20.920,-13.910,29.800
2024-04-26 12:44:13.4460,-16.200,21.070,-14.320,30.190
2024-04-26 12:44:13.5470,-15.920,21.100,-13.840,29.840
2024-04-26 12:44:13.6470,-16.010,21.000,-13.950,29.870
2024-04-26 12:44:13.7450,-16.270,21.040,-14.140,30.120
2024-04-26 12:44:13.8460,-15.940,21.120,-13.960,29.920
2024-04-26 12:44:13.9440,-15.910,21.310,-14.390,30.240
2024-04-26 12:44:14.0440,-15.910,21.130,-14.240,30.040
2024-04-26 12:44:14.1430,-16.030,21.110,-14.240,30.090
2024-04-26 12:44:14.2440,-15.920,21.100,-14.010,29.920
2024-04-26 12:44:14.3420,-16.060,21.240,-14.140,30.140
2024-04-26 12:44:14.4420,-16.020,20.960,-13.980,29.850
2024-04-26 12:44:14.5410,-16.210,21.160,-14.230,30.220
2024-04-26 12:44:14.6410,-16.350,21.260,-13.840,30.180
2024-04-26 12:44:14.7410,-15.920,21.050,-14.170,29.960
2024-04-26 12:44:14.8420,-16.030,21.590,-14.110,30.370
2024-04-26 12:44:14.9400,-16.060,21.040,-13.700,29.800
2024-04-26 12:44:15.0390,-16.110,21.100,-13.660,29.860
2024-04-26 12:44:15.1390,-16.110,21.060,-13.600,29.800
2024-04-26 12:44:15.2380,-16.180,20.880,-14.150,29.970
2024-04-26 12:44:15.3380,-16.080,20.890,-14.020,29.860
2024-04-26 12:44:15.4380,-16.090,20.690,-14.030,29.730
2024-04-26 12:44:15.5380,-16.270,21.050,-13.830,29.980
2024-04-26 12:44:15.6380,-16.090,20.880,-13.700,29.700
2024-04-26 12:44:15.7370,-15.760,21.130,-13.890,29.800
2024-04-26 12:44:15.8350,-15.980,20.940,-13.880,29.780
2024-04-26 12:44:15.9360,-16.090,21.130,-13.580,29.840
2024-04-26 12:44:16.0350,-15.760,21.140,-13.910,29.810
2024-04-26 12:44:16.1350,-16.170,20.960,-13.770,29.840
2024-04-26 12:44:16.2340,-16.010,20.900,-13.710,29.680
2024-04-26 12:44:16.3330,-16.560,21.100,-13.410,29.980
2024-04-26 12:44:16.4320,-16.040,20.900,-13.910,29.790
2024-04-26 12:44:16.5320,-16.090,20.730,-13.720,29.610
2024-04-26 12:44:16.6310,-16.080,20.970,-13.610,29.720
2024-04-26 12:44:16.7310,-16.080,21.060,-14.060,30.000
2024-04-26 12:44:16.8300,-16.080,21.380,-14.060,30.220
2024-04-26 12:44:16.9300,-15.520,21.110,-13.610,29.530
2024-04-26 12:44:17.0310,-15.700,21.050,-14.040,29.780
2024-04-26 12:44:17.1290,-15.960,21.420,-13.670,30.000
2024-04-26 12:44:17.2300,-15.790,21.190,-14.060,29.940
2024-04-26 12:44:17.3280,-16.080,20.800,-14.360,29.950
2024-04-26 12:44:17.4290,-15.810,21.110,-13.580,29.660
2024-04-26 12:44:17.5290,-16.110,21.160,-14.090,30.100
2024-04-26 12:44:17.6280,-15.800,21.260,-13.970,29.950
2024-04-26 12:44:17.7270,-15.790,21.000,-14.140,29.840
2024-04-26 12:44:17.8270,-15.920,21.140,-14.090,29.980
2024-04-26 12:44:17.9270,-16.040,21.340,-14.170,30.220
2024-04-26 12:44:18.0250,-16.070,21.170,-13.580,29.850
2024-04-26 12:44:18.1260,-15.480,21.060,-13.710,29.510
2024-04-26 12:44:18.2240,-15.780,21.070,-13.750,29.700
2024-04-26 12:44:18.3230,-16.000,21.160,-13.590,29.810
2024-04-26 12:44:18.4230,-15.700,20.620,-13.670,29.300
2024-04-26 12:44:18.5240,-16.140,20.830,-13.930,29.800
2024-04-26 12:44:18.6230,-16.190,21.170,-13.320,29.790
2024-04-26 12:44:18.7220,-15.890,21.080,-13.460,29.630
2024-04-26 12:44:18.8210,-16.010,21.230,-13.440,29.790
2024-04-26 12:44:18.9220,-15.850,21.330,-14.290,30.170
2024-04-26 12:44:19.0200,-15.940,21.520,-13.830,30.140
2024-04-26 12:44:19.1200,-16.000,21.280,-14.440,30.280
2024-04-26 12:44:19.2190,-16.060,20.880,-14.290,29.970
2024-04-26 12:44:19.3190,-15.980,21.330,-13.510,29.880
2024-04-26 12:44:19.4200,-16.120,21.210,-13.780,29.990
2024-04-26 12:44:19.5180,-15.680,21.040,-14.190,29.830
2024-04-26 12:44:19.6180,-15.820,21.120,-13.970,29.860
2024-04-26 12:44:19.7180,-16.010,21.020,-13.570,29.700
2024-04-26 12:44:19.8170,-16.080,21.030,-13.870,29.890
2024-04-26 12:44:19.9160,-16.370,20.700,-13.910,29.830
2024-04-26 12:44:20.0150,-16.340,21.220,-13.700,30.080
2024-04-26 12:44:20.1150,-16.310,20.890,-13.200,29.610
2024-04-26 12:44:20.2140,-15.770,20.860,-13.800,29.570
2024-04-26 12:44:20.3140,-16.080,20.850,-14.050,29.840
2024-04-26 12:44:20.4150,-15.680,20.730,-13.690,29.380
2024-04-26 12:44:20.5150,-15.980,20.770,-14.180,29.790
2024-04-26 12:44:20.6140,-15.870,20.480,-14.160,29.530
2024-04-26 12:44:20.7120,-15.830,20.950,-14.020,29.760
2024-04-26 12:44:20.8130,-16.210,20.950,-14.010,29.960
2024-04-26 12:44:20.9130,-15.960,21.060,-13.830,29.820
2024-04-26 12:44:21.0110,-15.980,20.710,-13.730,29.540
2024-04-26 12:44:21.1100,-16.100,20.780,-14.140,29.850
2024-04-26 12:44:21.2110,-16.100,20.850,-13.720,29.700
2024-04-26 12:44:21.3110,-15.950,20.710,-13.230,29.300
2024-04-26 12:44:21.4090,-16.180,20.890,-13.510,29.670
2024-04-26 12:44:21.5100,-16.070,21.060,-14.040,29.980
2024-04-26 12:44:21.6080,-15.910,20.950,-14.030,29.810
2024-04-26 12:44:21.7080,-16.010,21.230,-13.610,29.870
2024-04-26 12:44:21.8080,-16.150,20.940,-13.600,29.730
2024-04-26 12:44:21.9070,-15.520,21.150,-13.580,29.540
2024-04-26 12:44:22.0060,-16.210,21.290,-13.520,29.980
2024-04-26 12:44:22.1070,-16.420,21.140,-13.450,29.950
2024-04-26 12:44:22.2050,-16.080,21.190,-13.660,29.900
2024-04-26 12:44:22.3060,-16.070,21.230,-13.400,29.810
2024-04-26 12:44:22.4060,-16.050,21.080,-13.630,29.790
2024-04-26 12:44:22.5040,-15.960,20.970,-13.280,29.510
2024-04-26 12:44:22.6050,-15.890,20.880,-14.000,29.740
2024-04-26 12:44:22.7030,-15.840,21.090,-13.350,29.560
2024-04-26 12:44:22.8040,-16.020,21.590,-13.370,30.020
2024-04-26 12:44:22.9020,-15.970,21.050,-13.290,29.580
2024-04-26 12:44:23.0020,-15.790,20.830,-13.650,29.490
2024-04-26 12:44:23.1020,-15.980,20.920,-13.100,29.410
2024-04-26 12:44:23.2000,-16.180,21.000,-13.540,29.770
2024-04-26 12:44:23.3010,-15.970,20.840,-13.470,29.510
2024-04-26 12:44:23.4000,-15.640,20.840,-13.360,29.280
2024-04-26 12:44:23.4990,-15.680,20.500,-13.400,29.080
2024-04-26 12:44:23.5980,-15.740,20.930,-13.500,29.460
2024-04-26 12:44:23.6980,-15.970,21.230,-13.090,29.610
2024-04-26 12:44:23.7980,-16.070,20.910,-13.630,29.680
2024-04-26 12:44:23.8980,-15.850,21.230,-13.870,29.910
2024-04-26 12:44:23.9970,-16.020,20.760,-13.310,29.410
2024-04-26 12:44:24.0980,-16.000,20.690,-13.230,29.310
2024-04-26 12:44:24.1970,-15.890,20.980,-13.110,29.410
2024-04-26 12:44:24.2950,-16.120,20.910,-13.630,29.710
2024-04-26 12:44:24.3960,-15.780,20.920,-14.250,29.830
2024-04-26 12:44:24.4960,-15.680,20.990,-13.670,29.550
2024-04-26 12:44:24.5950,-15.960,20.940,-13.580,29.620
2024-04-26 12:44:24.6950,-15.970,20.670,-13.470,29.390
2024-04-26 12:44:24.7940,-15.980,21.060,-14.290,30.050
2024-04-26 12:44:24.8940,-16.030,20.920,-13.830,29.760
2024-04-26 12:44:24.9930,-15.980,20.990,-13.960,29.850
2024-04-26 12:44:25.0930,-15.990,21.080,-13.070,29.510
2024-04-26 12:44:25.1920,-16.140,20.650,-13.280,29.380
2024-04-26 12:44:25.2920,-15.930,21.050,-13.420,29.620
2024-04-26 12:44:25.3910,-16.270,20.860,-13.120,29.530
2024-04-26 12:44:25.4910,-15.990,20.850,-13.480,29.530
2024-04-26 12:44:25.5900,-16.250,21.170,-13.290,29.810
2024-04-26 12:44:25.6890,-16.270,20.960,-13.450,29.750
2024-04-26 12:44:25.7890,-16.000,21.220,-13.490,29.800
2024-04-26 12:44:25.8880,-15.610,21.160,-13.980,29.780
2024-04-26 12:44:25.9890,-15.850,20.890,-14.250,29.840
2024-04-26 12:44:26.0870,-15.760,20.940,-14.010,29.720
2024-04-26 12:44:26.1880,-15.790,20.910,-13.820,29.620
2024-04-26 12:44:26.2870,-16.120,21.050,-13.810,29.900
2024-04-26 12:44:26.3860,-15.930,21.090,-13.430,29.650
2024-04-26 12:44:26.4850,-16.500,21.150,-13.820,30.180
2024-04-26 12:44:26.5850,-16.350,21.450,-13.580,30.200
2024-04-26 12:44:26.6850,-16.090,21.360,-13.480,29.950
2024-04-26 12:44:26.7840,-15.890,21.610,-13.350,29.960
2024-04-26 12:44:26.8840,-15.590,21.290,-13.770,29.770
2024-04-26 12:44:26.9840,-15.840,21.220,-13.590,29.770
2024-04-26 12:44:27.0820,-15.970,21.300,-13.670,29.930
2024-04-26 12:44:27.1830,-15.940,21.350,-13.670,29.940
2024-04-26 12:44:27.2810,-15.950,21.320,-13.740,29.960
2024-04-26 12:44:27.3810,-16.040,21.110,-14.210,30.080
2024-04-26 12:44:27.4800,-16.140,21.300,-14.350,30.340
2024-04-26 12:44:27.5810,-16.090,21.300,-13.580,29.950
2024-04-26 12:44:27.6790,-16.460,21.130,-14.000,30.220
2024-04-26 12:44:27.7790,-16.170,21.210,-13.810,30.040
2024-04-26 12:44:27.8780,-16.150,21.270,-13.880,30.100
2024-04-26 12:44:27.9790,-16.190,20.920,-13.740,29.810
2024-04-26 12:44:28.0770,-16.080,21.210,-13.550,29.870
2024-04-26 12:44:28.1790,-16.120,20.880,-13.490,29.630
2024-04-26 12:44:28.2780,-15.950,21.180,-13.970,29.970
2024-04-26 12:44:28.3770,-16.230,20.980,-13.940,29.960
2024-04-26 12:44:28.4770,-16.130,20.990,-13.840,29.870
2024-04-26 12:44:28.5750,-16.160,21.350,-13.610,30.030
2024-04-26 12:44:28.6760,-16.200,21.260,-13.880,30.120
2024-04-26 12:44:28.7740,-16.140,20.890,-13.410,29.610
2024-04-26 12:44:28.8750,-16.460,21.010,-13.510,29.920
2024-04-26 12:44:28.9740,-16.250,20.830,-13.510,29.680
2024-04-26 12:44:29.0730,-16.330,21.240,-13.760,30.120
2024-04-26 12:44:29.1720,-15.870,21.080,-13.090,29.460
2024-04-26 12:44:29.2720,-16.450,21.480,-13.550,30.260
2024-04-26 12:44:29.3710,-16.200,21.410,-13.360,29.990
2024-04-26 12:44:29.4710,-15.950,21.510,-13.550,30.020
2024-04-26 12:44:29.5700,-16.010,21.600,-13.510,30.090
2024-04-26 12:44:29.6700,-15.850,21.480,-13.300,29.830
2024-04-26 12:44:29.7690,-15.970,21.070,-13.650,29.760
2024-04-26 12:44:29.8690,-16.130,20.950,-13.460,29.670
2024-04-26 12:44:29.9680,-15.960,21.270,-13.650,29.890
2024-04-26 12:44:30.0680,-15.980,21.140,-13.960,29.950
2024-04-26 12:44:30.1690,-15.990,21.080,-13.650,29.770
2024-04-26 12:44:30.2670,-16.020,21.230,-13.320,29.750
2024-04-26 12:44:30.3660,-16.010,21.070,-13.410,29.660
2024-04-26 12:44:30.4670,-16.130,21.010,-13.660,29.800
2024-04-26 12:44:30.5660,-16.400,21.080,-13.470,29.910
2024-04-26 12:44:30.6650,-16.310,21.290,-13.400,29.980
2024-04-26 12:44:30.7650,-16.060,21.110,-13.200,29.630
2024-04-26 12:44:30.8640,-16.220,21.060,-13.100,29.640
2024-04-26 12:44:30.9640,-16.060,20.930,-13.570,29.660
2024-04-26 12:44:31.0630,-15.940,21.050,-13.460,29.640
2024-04-26 12:44:31.1630,-15.960,21.180,-13.340,29.680
2024-04-26 12:44:31.2640,-16.300,21.200,-13.760,30.080
2024-04-26 12:44:31.3620,-16.050,21.360,-13.430,29.900
2024-04-26 12:44:31.4610,-16.160,21.380,-13.400,29.960
2024-04-26 12:44:31.5610,-16.130,21.310,-13.270,29.840
2024-04-26 12:44:31.6620,-16.320,21.210,-13.510,29.980
2024-04-26 12:44:31.7600,-16.230,21.270,-12.980,29.740
2024-04-26 12:44:31.8610,-16.060,21.340,-13.340,29.850
2024-04-26 12:44:31.9590,-16.210,21.120,-13.420,29.810
2024-04-26 12:44:32.0580,-16.070,20.990,-13.360,29.630
2024-04-26 12:44:32.1590,-15.970,21.260,-13.740,29.930
2024-04-26 12:44:32.2590,-15.950,21.300,-13.220,29.710
2024-04-26 12:44:32.3580,-16.100,21.120,-13.120,29.620
2024-04-26 12:44:32.4580,-15.990,20.910,-13.660,29.650
2024-04-26 12:44:32.5560,-16.130,20.980,-14.090,29.980
2024-04-26 12:44:32.6560,-15.990,21.180,-13.770,29.900
2024-04-26 12:44:32.7550,-15.680,21.380,-13.650,29.820
2024-04-26 12:44:32.8560,-15.990,21.330,-13.680,29.960
2024-04-26 12:44:32.9540,-15.830,20.990,-14.260,29.910
2024-04-26 12:44:33.0550,-16.100,21.280,-13.660,29.980
2024-04-26 12:44:33.1550,-15.700,21.330,-13.300,29.630
2024-04-26 12:44:33.2530,-15.770,21.210,-13.670,29.750
2024-04-26 12:44:33.3540,-15.970,21.280,-13.520,29.840
2024-04-26 12:44:33.4530,-15.790,21.080,-13.620,29.650
2024-04-26 12:44:33.5520,-15.700,21.250,-13.330,29.590
2024-04-26 12:44:33.6510,-15.860,21.070,-13.060,29.430
2024-04-26 12:44:33.7510,-15.920,20.650,-13.770,29.490
2024-04-26 12:44:33.8510,-16.000,21.000,-13.180,29.510
2024-04-26 12:44:33.9510,-16.250,20.860,-13.350,29.620
2024-04-26 12:44:34.0500,-16.200,21.120,-13.910,30.030
2024-04-26 12:44:34.1500,-16.270,21.250,-13.070,29.790
2024-04-26 12:44:34.2490,-15.910,21.070,-13.330,29.580
2024-04-26 12:44:34.3480,-15.990,21.420,-13.310,29.860
2024-04-26 12:44:34.4470,-16.140,21.210,-12.830,29.580
2024-04-26 12:44:34.5470,-15.970,21.130,-13.020,29.510
2024-04-26 12:44:34.6460,-15.770,21.050,-13.480,29.560
2024-04-26 12:44:34.7460,-15.990,20.990,-13.910,29.830
2024-04-26 12:44:34.8450,-15.740,21.220,-13.360,29.610
2024-04-26 12:44:34.9450,-15.710,21.000,-13.410,29.450
2024-04-26 12:44:35.0440,-15.480,21.340,-13.690,29.710
2024-04-26 12:44:35.1440,-15.910,21.420,-13.640,29.970
2024-04-26 12:44:35.2450,-16.010,20.930,-13.610,29.660
2024-04-26 12:44:35.3430,-15.820,21.370,-13.610,29.870
2024-04-26 12:44:35.4440,-16.020,20.770,-13.990,29.730
2024-04-26 12:44:35.5420,-15.980,21.070,-13.550,29.710
2024-04-26 12:44:35.6410,-15.900,21.010,-13.030,29.390
2024-04-26 12:44:35.7410,-15.840,21.130,-13.470,29.640
2024-04-26 12:44:35.8420,-15.740,21.210,-13.570,29.700
2024-04-26 12:44:35.9400,-15.880,21.170,-13.390,29.660
2024-04-26 12:44:36.0410,-15.910,21.070,-13.250,29.540
2024-04-26 12:44:36.1400,-15.980,21.260,-13.300,29.730
2024-04-26 12:44:36.2390,-16.030,21.050,-13.480,29.690
2024-04-26 12:44:36.3400,-16.080,21.190,-13.760,29.950
2024-04-26 12:44:36.4390,-16.100,20.890,-13.400,29.590
2024-04-26 12:44:36.5370,-16.140,20.770,-13.380,29.510
2024-04-26 12:44:36.6380,-16.230,20.820,-13.320,29.570
2024-04-26 12:44:36.7370,-16.170,21.420,-13.740,30.150
2024-04-26 12:44:36.8370,-16.000,21.300,-13.660,29.940
2024-04-26 12:44:36.9350,-16.230,21.190,-13.160,29.760
2024-04-26 12:44:37.0360,-15.880,21.140,-13.340,29.610
2024-04-26 12:44:37.1360,-16.050,21.040,-13.790,29.850
2024-04-26 12:44:37.2350,-16.260,21.030,-13.480,29.800
2024-04-26 12:44:37.3350,-16.120,21.360,-13.270,29.870
2024-04-26 12:44:37.4330,-16.160,21.270,-13.470,29.920
2024-04-26 12:44:37.5340,-15.770,21.340,-13.420,29.740
2024-04-26 12:44:37.6320,-16.140,21.090,-13.630,29.850
2024-04-26 12:44:37.7330,-16.220,20.700,-13.580,29.590
2024-04-26 12:44:37.8310,-16.090,21.020,-13.030,29.500
2024-04-26 12:44:37.9310,-16.440,20.930,-13.450,29.820
2024-04-26 12:44:38.0320,-16.170,21.080,-13.220,29.680
2024-04-26 12:44:38.1300,-16.320,20.910,-13.380,29.710
2024-04-26 12:44:38.2290,-16.140,21.040,-13.110,29.580
2024-04-26 12:44:38.3290,-15.860,21.060,-13.470,29.600
2024-04-26 12:44:38.4280,-16.300,21.340,-13.230,29.940
2024-04-26 12:44:38.5280,-16.340,20.780,-13.070,29.490
2024-04-26 12:44:38.6290,-16.110,20.970,-13.460,29.670
2024-04-26 12:44:38.7270,-16.190,20.910,-13.310,29.610
2024-04-26 12:44:38.8280,-16.100,21.030,-13.700,29.820
2024-04-26 12:44:38.9260,-16.170,21.420,-13.630,30.100
2024-04-26 12:44:39.0250,-16.370,21.160,-13.600,30.010
2024-04-26 12:44:39.1260,-16.140,20.970,-13.490,29.700
2024-04-26 12:44:39.2250,-16.110,21.140,-13.260,29.700
2024-04-26 12:44:39.3260,-16.330,21.360,-13.080,29.900
2024-04-26 12:44:39.4250,-16.250,21.340,-13.130,29.860
2024-04-26 12:44:39.5250,-16.130,21.220,-13.600,29.920
2024-04-26 12:44:39.6240,-16.180,20.940,-13.130,29.540
2024-04-26 12:44:39.7240,-16.400,20.980,-13.390,29.810
2024-04-26 12:44:39.8230,-16.190,20.820,-13.810,29.770
2024-04-26 12:44:39.9230,-16.230,20.820,-13.320,29.560
2024-04-26 12:44:40.0220,-16.560,20.930,-13.570,29.940
2024-04-26 12:44:40.1220,-16.520,21.020,-13.440,29.920
2024-04-26 12:44:40.2210,-16.060,21.000,-13.410,29.650
2024-04-26 12:44:40.3210,-16.040,20.960,-13.320,29.560
2024-04-26 12:44:40.4190,-16.150,20.560,-13.000,29.200
2024-04-26 12:44:40.5200,-15.900,20.880,-13.170,29.360
2024-04-26 12:44:40.6180,-16.060,20.990,-14.150,29.980
2024-04-26 12:44:40.7190,-16.040,21.050,-13.890,29.890
2024-04-26 12:44:40.8170,-16.210,20.970,-13.820,29.890
2024-04-26 12:44:40.9170,-16.330,20.890,-14.020,30.000
2024-04-26 12:44:41.0170,-16.290,20.680,-13.800,29.720
2024-04-26 12:44:41.1160,-16.270,20.910,-14.500,30.200
2024-04-26 12:44:41.2160,-16.370,20.880,-14.450,30.210
2024-04-26 12:44:41.3150,-16.320,20.840,-14.310,30.090
2024-04-26 12:44:41.4140,-16.310,20.930,-14.120,30.060
2024-04-26 12:44:41.5150,-16.260,21.030,-14.060,30.070
2024-04-26 12:44:41.6130,-16.350,20.910,-13.440,29.760
2024-04-26 12:44:41.7130,-16.340,20.860,-13.900,29.920
2024-04-26 12:44:41.8120,-16.230,20.930,-14.090,30.000
2024-04-26 12:44:41.9120,-16.350,20.840,-13.850,29.890
2024-04-26 12:44:42.0120,-16.310,21.020,-14.050,30.090
2024-04-26 12:44:42.1110,-16.290,20.840,-14.090,29.970
2024-04-26 12:44:42.2120,-16.250,20.870,-14.040,29.950
2024-04-26 12:44:42.3100,-16.210,20.660,-13.910,29.720
2024-04-26 12:44:42.4100,-16.160,20.480,-13.770,29.500
2024-04-26 12:44:42.5090,-16.190,20.980,-13.890,29.920
2024-04-26 12:44:42.6090,-16.230,20.780,-13.840,29.780
2024-04-26 12:44:42.7080,-15.910,21.100,-14.350,30.080
2024-04-26 12:44:42.8080,-16.120,20.880,-14.460,30.080
2024-04-26 12:44:42.9070,-16.350,20.960,-14.380,30.220
2024-04-26 12:44:43.0080,-15.740,21.200,-14.150,29.960
2024-04-26 12:44:43.1080,-16.060,21.290,-14.270,30.250
2024-04-26 12:44:43.2070,-16.260,21.180,-14.000,30.150
2024-04-26 12:44:43.3050,-16.300,21.130,-14.040,30.150
2024-04-26 12:44:43.4060,-16.000,20.900,-14.240,29.920
2024-04-26 12:44:43.5060,-16.130,20.990,-14.070,29.980
2024-04-26 12:44:43.6050,-15.820,21.170,-14.120,29.960
2024-04-26 12:44:43.7030,-16.200,21.280,-14.130,30.250
2024-04-26 12:44:43.8030,-16.160,21.290,-14.310,30.320
2024-04-26 12:44:43.9040,-16.090,21.290,-14.730,30.480
2024-04-26 12:44:44.0030,-15.970,21.350,-14.350,30.280
2024-04-26 12:44:44.1030,-15.950,21.280,-14.520,30.290
2024-04-26 12:44:44.2020,-16.280,21.230,-14.420,30.390
2024-04-26 12:44:44.3010,-16.340,21.210,-14.180,30.300
2024-04-26 12:44:44.4020,-16.250,20.820,-14.200,29.990
2024-04-26 12:44:44.5010,-16.310,21.330,-14.190,30.370
2024-04-26 12:44:44.6010,-15.990,21.130,-14.190,30.060
2024-04-26 12:44:44.7000,-16.010,20.890,-13.660,29.650
2024-04-26 12:44:44.8000,-16.160,20.700,-13.890,29.700
2024-04-26 12:44:44.8990,-16.170,20.860,-14.210,29.970
2024-04-26 12:44:44.9990,-16.010,20.520,-13.820,29.470
2024-04-26 12:44:45.0970,-16.160,20.910,-13.930,29.880
2024-04-26 12:44:45.1980,-16.450,20.930,-13.470,29.830
2024-04-26 12:44:45.2960,-16.390,20.720,-13.590,29.710
2024-04-26 12:44:45.3960,-16.380,20.940,-13.540,29.840
2024-04-26 12:44:45.4950,-16.480,21.110,-13.570,30.020
2024-04-26 12:44:45.5960,-16.090,20.710,-13.320,29.420
2024-04-26 12:44:45.6940,-16.390,20.830,-13.160,29.590
2024-04-26 12:44:45.7930,-16.330,20.620,-13.360,29.510
2024-04-26 12:44:45.8940,-16.580,21.120,-13.110,29.880
2024-04-26 12:44:45.9930,-16.080,20.910,-13.400,29.580
2024-04-26 12:44:46.0920,-16.380,21.170,-13.420,29.950
2024-04-26 12:44:46.1910,-16.320,21.000,-13.100,29.650
2024-04-26 12:44:46.2930,-16.260,20.670,-13.510,29.560
2024-04-26 12:44:46.3910,-16.420,20.830,-13.470,29.750
2024-04-26 12:44:46.4900,-16.410,20.740,-13.430,29.660
2024-04-26 12:44:46.5900,-16.510,20.780,-13.010,29.550
2024-04-26 12:44:46.6910,-16.320,20.840,-13.210,29.590
2024-04-26 12:44:46.7900,-16.370,21.150,-13.570,29.990
2024-04-26 12:44:46.8890,-16.370,20.900,-13.090,29.600
2024-04-26 12:44:46.9890,-16.310,21.020,-13.020,29.620
2024-04-26 12:44:47.0890,-16.040,21.000,-13.480,29.660
2024-04-26 12:44:47.1880,-15.930,20.970,-13.830,29.750
2024-04-26 12:44:47.2880,-16.300,21.130,-13.520,29.920
2024-04-26 12:44:47.3870,-15.990,20.990,-13.750,29.750
2024-04-26 12:44:47.4850,-15.940,21.410,-13.330,29.830
2024-04-26 12:44:47.5870,-15.930,21.180,-13.550,29.770
2024-04-26 12:44:47.6860,-16.240,20.950,-13.230,29.630
2024-04-26 12:44:47.7840,-16.520,21.180,-13.480,30.050
2024-04-26 12:44:47.8850,-16.380,21.180,-13.180,29.840
2024-04-26 12:44:47.9830,-16.290,20.960,-13.070,29.590
2024-04-26 12:44:48.0840,-16.150,20.970,-13.120,29.540
2024-04-26 12:44:48.1820,-16.290,21.430,-13.340,30.050
2024-04-26 12:44:48.2830,-16.100,21.370,-13.390,29.920
2024-04-26 12:44:48.3810,-15.970,21.120,-13.550,29.740
2024-04-26 12:44:48.4820,-16.440,21.090,-13.770,30.080
2024-04-26 12:44:48.5800,-16.460,21.200,-13.350,29.980
2024-04-26 12:44:48.6810,-16.230,21.100,-13.890,30.030
2024-04-26 12:44:48.7810,-16.050,21.080,-13.390,29.690
2024-04-26 12:44:48.8800,-16.180,21.310,-13.470,29.950
2024-04-26 12:44:48.9800,-16.170,21.060,-13.640,29.850
2024-04-26 12:44:49.0800,-16.260,21.150,-13.760,30.020
2024-04-26 12:44:49.1790,-16.580,21.290,-13.620,30.230
2024-04-26 12:44:49.2770,-16.570,21.020,-13.650,30.050
2024-04-26 12:44:49.3770,-16.140,21.350,-13.690,30.060
2024-04-26 12:44:49.4760,-16.270,21.280,-13.450,29.970
2024-04-26 12:44:49.5760,-16.220,21.340,-13.490,30.010
2024-04-26 12:44:49.6750,-16.220,20.990,-13.270,29.660
2024-04-26 12:44:49.7750,-16.140,21.170,-13.370,29.790
2024-04-26 12:44:49.8750,-16.140,21.060,-13.230,29.640
2024-04-26 12:44:49.9740,-16.410,21.500,-13.610,30.280
2024-04-26 12:44:50.0730,-16.320,21.410,-14.080,30.380
2024-04-26 12:44:50.1740,-16.380,21.610,-13.480,30.280
2024-04-26 12:44:50.2720,-16.210,21.120,-13.490,29.850
2024-04-26 12:44:50.3730,-16.340,21.370,-13.870,30.260
2024-04-26 12:44:50.4730,-16.140,21.300,-14.110,30.220
2024-04-26 12:44:50.5730,-16.450,21.410,-13.820,30.330
2024-04-26 12:44:50.6720,-16.310,21.460,-13.820,30.290
2024-04-26 12:44:50.7710,-15.840,21.120,-14.070,29.920
2024-04-26 12:44:50.8710,-16.320,21.520,-13.990,30.420
2024-04-26 12:44:50.9700,-16.220,21.130,-13.650,29.930
2024-04-26 12:44:51.0700,-16.560,21.200,-13.030,29.900
2024-04-26 12:44:51.1680,-16.300,21.030,-13.640,29.900
2024-04-26 12:44:51.2690,-16.470,21.200,-13.930,30.250
2024-04-26 12:44:51.3690,-16.430,21.470,-13.370,30.160
2024-04-26 12:44:51.4680,-16.190,21.390,-13.410,29.990
2024-04-26 12:44:51.5680,-16.390,21.170,-13.630,30.040
2024-04-26 12:44:51.6670,-16.670,20.990,-13.020,29.790
2024-04-26 12:44:51.7650,-16.260,21.360,-13.270,29.950
2024-04-26 12:44:51.8660,-16.530,21.270,-13.510,30.140
2024-04-26 12:44:51.9660,-16.300,21.450,-13.530,30.150
2024-04-26 12:44:52.0640,-16.500,21.480,-13.380,30.210
2024-04-26 12:44:52.1650,-16.190,21.390,-13.700,30.120
2024-04-26 12:44:52.2640,-16.220,21.350,-13.280,29.920
2024-04-26 12:44:52.3640,-15.980,21.170,-13.870,29.930
2024-04-26 12:44:52.4630,-16.060,21.350,-13.350,29.860
2024-04-26 12:44:52.5630,-16.570,21.250,-13.580,30.170
2024-04-26 12:44:52.6620,-16.580,21.450,-13.640,30.350
2024-04-26 12:44:52.7610,-16.430,21.370,-13.570,30.170
2024-04-26 12:44:52.8610,-16.210,21.470,-13.080,29.910
2024-04-26 12:44:52.9600,-16.480,21.470,-13.700,30.330
2024-04-26 12:44:53.0600,-16.530,21.290,-13.100,29.960
2024-04-26 12:44:53.1590,-16.340,21.290,-13.430,30.010
2024-04-26 12:44:53.2580,-16.490,21.390,-13.460,30.180
2024-04-26 12:44:53.3580,-16.170,21.790,-13.250,30.200
2024-04-26 12:44:53.4570,-16.270,21.660,-13.390,30.210
2024-04-26 12:44:53.5570,-16.350,21.250,-13.200,29.880
2024-04-26 12:44:53.6580,-16.120,21.320,-13.480,29.940
2024-04-26 12:44:53.7560,-16.750,21.430,-13.500,30.370
2024-04-26 12:44:53.8560,-16.180,21.550,-13.260,30.030
2024-04-26 12:44:53.9550,-16.490,21.340,-13.290,30.070
2024-04-26 12:44:54.0560,-16.590,21.630,-13.190,30.280
2024-04-26 12:44:54.1540,-16.370,21.170,-13.510,29.970
2024-04-26 12:44:54.2550,-16.230,21.510,-13.470,30.130
2024-04-26 12:44:54.3530,-16.370,21.120,-13.050,29.740
2024-04-26 12:44:54.4530,-16.420,21.630,-13.390,30.280
2024-04-26 12:44:54.5520,-16.220,21.370,-13.280,29.940
2024-04-26 12:44:54.6520,-16.120,21.580,-13.690,30.220
2024-04-26 12:44:54.7530,-16.000,21.350,-13.460,29.880
2024-04-26 12:44:54.8520,-16.400,21.210,-13.220,29.890
2024-04-26 12:44:54.9520,-15.930,21.870,-13.200,30.100
2024-04-26 12:44:55.0510,-16.120,21.870,-13.360,30.280
2024-04-26 12:44:55.1510,-16.270,21.760,-13.360,30.270
2024-04-26 12:44:55.2500,-16.280,21.820,-13.270,30.290
2024-04-26 12:44:55.3490,-16.050,21.460,-13.270,29.910
2024-04-26 12:44:55.4490,-16.250,21.360,-13.020,29.830
2024-04-26 12:44:55.5490,-16.190,21.350,-13.080,29.820
2024-04-26 12:44:55.6480,-15.990,21.190,-13.450,29.760
2024-04-26 12:44:55.7460,-16.060,21.350,-13.180,29.790
2024-04-26 12:44:55.8470,-15.740,21.310,-13.430,29.700
2024-04-26 12:44:55.9470,-15.930,21.340,-13.380,29.800
2024-04-26 12:44:56.0450,-16.170,21.440,-13.470,30.040
2024-04-26 12:44:56.1450,-16.150,21.360,-13.470,29.970
2024-04-26 12:44:56.2460,-15.920,21.000,-13.450,29.590
2024-04-26 12:44:56.3440,-16.040,21.240,-13.540,29.860
2024-04-26 12:44:56.4430,-15.850,21.260,-13.430,29.730
2024-04-26 12:44:56.5430,-16.060,21.230,-13.660,29.920
2024-04-26 12:44:56.6440,-16.070,21.340,-13.180,29.790
2024-04-26 12:44:56.7420,-16.350,21.580,-13.480,30.240
2024-04-26 12:44:56.8410,-15.740,21.470,-13.700,29.940
2024-04-26 12:44:56.9410,-15.810,21.610,-13.150,29.830
2024-04-26 12:44:57.0420,-16.020,21.040,-12.810,29.380
2024-04-26 12:44:57.1400,-16.190,21.260,-13.410,29.900
2024-04-26 12:44:57.2390,-15.890,20.980,-13.720,29.680
2024-04-26 12:44:57.3400,-15.980,21.250,-13.200,29.690
2024-04-26 12:44:57.4380,-16.250,21.220,-13.170,29.790
2024-04-26 12:44:57.5380,-16.240,21.360,-12.980,29.810
2024-04-26 12:44:57.6380,-15.970,21.750,-13.120,30.000
2024-04-26 12:44:57.7370,-16.240,21.190,-12.910,29.660
2024-04-26 12:44:57.8380,-16.010,21.310,-12.810,29.570
2024-04-26 12:44:57.9380,-16.100,21.440,-13.020,29.800
2024-04-26 12:44:58.0370,-16.050,21.500,-13.040,29.830
2024-04-26 12:44:58.1370,-16.210,21.360,-12.770,29.700
2024-04-26 12:44:58.2360,-15.990,21.370,-13.190,29.770
2024-04-26 12:44:58.3360,-16.090,21.400,-13.410,29.940
2024-04-26 12:44:58.4350,-15.970,21.240,-12.820,29.510
2024-04-26 12:44:58.5350,-16.210,21.440,-12.170,29.510
2024-04-26 12:44:58.6340,-16.280,21.440,-12.710,29.770
2024-04-26 12:44:58.7340,-16.210,21.010,-13.080,29.580
2024-04-26 12:44:58.8330,-16.410,21.500,-12.930,29.970
2024-04-26 12:44:58.9330,-16.140,21.050,-12.900,29.500
2024-04-26 12:44:59.0320,-16.190,21.300,-13.100,29.790
2024-04-26 12:44:59.1320,-16.110,20.910,-13.230,29.520
2024-04-26 12:44:59.2300,-16.190,21.080,-12.830,29.520
2024-04-26 12:44:59.3310,-16.050,21.410,-13.450,29.950
2024-04-26 12:44:59.4300,-16.410,21.480,-13.040,30.010
2024-04-26 12:44:59.5290,-15.940,21.110,-12.920,29.440
2024-04-26 12:44:59.6290,-16.470,21.270,-12.950,29.860
2024-04-26 12:44:59.7290,-16.250,21.280,-12.840,29.690
2024-04-26 12:44:59.8270,-16.330,20.990,-12.410,29.350
2024-04-26 12:44:59.9280,-16.300,20.880,-12.670,29.360
2024-04-26 12:45:00.0270,-16.300,21.240,-12.830,29.690
2024-04-26 12:45:00.1270,-16.470,21.390,-12.390,29.700
2024-04-26 12:45:00.2260,-16.560,21.130,-13.130,29.890
2024-04-26 12:45:00.3260,-16.140,21.320,-12.930,29.700
2024-04-26 12:45:00.4250,-16.340,20.910,-12.650,29.400
2024-04-26 12:45:00.5240,-16.530,21.260,-12.610,29.730
2024-04-26 12:45:00.6250,-16.700,21.180,-12.810,29.860
2024-04-26 12:45:00.7240,-16.180,21.000,-13.170,29.600
2024-04-26 12:45:00.8240,-16.510,21.010,-12.660,29.570
2024-04-26 12:45:00.9230,-16.270,20.980,-13.020,29.570
2024-04-26 12:45:01.0230,-16.240,21.140,-12.750,29.550
2024-04-26 12:45:01.1210,-16.430,20.770,-12.370,29.230
2024-04-26 12:45:01.2210,-16.640,21.070,-12.540,29.630
2024-04-26 12:45:01.3210,-16.520,21.070,-12.880,29.710
2024-04-26 12:45:01.4200,-16.820,21.100,-12.410,29.700
2024-04-26 12:45:01.5190,-16.650,21.020,-12.520,29.590
2024-04-26 12:45:01.6200,-16.290,21.180,-12.680,29.570
2024-04-26 12:45:01.7190,-16.540,21.200,-13.250,29.970
2024-04-26 12:45:01.8190,-16.480,20.980,-13.320,29.820
2024-04-26 12:45:01.9190,-16.490,21.250,-12.400,29.620
2024-04-26 12:45:02.0170,-16.080,21.110,-12.870,29.500
2024-04-26 12:45:02.1180,-16.390,21.170,-13.190,29.840
2024-04-26 12:45:02.2170,-16.120,21.510,-12.670,29.710
2024-04-26 12:45:02.3170,-16.290,21.180,-13.080,29.750
2024-04-26 12:45:02.4150,-16.460,20.980,-12.900,29.620
2024-04-26 12:45:02.5160,-16.340,21.130,-12.990,29.700
2024-04-26 12:45:02.6150,-16.510,21.190,-12.620,29.680
2024-04-26 12:45:02.7150,-16.480,21.120,-12.970,29.760
2024-04-26 12:45:02.8140,-16.330,21.000,-12.600,29.430
2024-04-26 12:45:02.9130,-16.590,21.340,-12.580,29.810
2024-04-26 12:45:03.0130,-16.370,21.330,-13.120,29.920
2024-04-26 12:45:03.1130,-16.500,21.160,-12.750,29.710
2024-04-26 12:45:03.2110,-16.660,21.330,-12.950,30.000
2024-04-26 12:45:03.3120,-16.920,21.450,-12.730,30.140
2024-04-26 12:45:03.4120,-16.480,21.600,-12.770,30.020
2024-04-26 12:45:03.5110,-16.560,21.180,-12.370,29.590
2024-04-26 12:45:03.6100,-16.480,21.060,-12.730,29.620
2024-04-26 12:45:03.7090,-16.560,21.530,-12.660,29.970
2024-04-26 12:45:03.8100,-16.490,21.240,-12.710,29.740
2024-04-26 12:45:03.9080,-16.480,21.110,-13.100,29.810
2024-04-26 12:45:04.0080,-16.400,21.460,-12.720,29.850
2024-04-26 12:45:04.1070,-16.880,21.240,-12.920,30.050
2024-04-26 12:45:04.2070,-16.580,21.030,-13.000,29.760
2024-04-26 12:45:04.3060,-16.810,21.320,-13.360,30.260
2024-04-26 12:45:04.4050,-16.860,20.990,-12.990,29.890
2024-04-26 12:45:04.5060,-16.480,21.470,-13.040,30.040
2024-04-26 12:45:04.6060,-16.500,21.240,-13.030,29.890
2024-04-26 12:45:04.7050,-16.470,21.120,-13.080,29.810
2024-04-26 12:45:04.8040,-16.180,21.370,-13.060,29.820
2024-04-26 12:45:04.9050,-16.500,21.420,-12.780,29.910
2024-04-26 12:45:05.0030,-16.470,21.210,-12.870,29.780
2024-04-26 12:45:05.1040,-16.480,21.450,-13.070,30.040
2024-04-26 12:45:05.2020,-16.090,21.010,-13.390,29.660
2024-04-26 12:45:05.3010,-16.760,21.480,-13.520,30.420
2024-04-26 12:45:05.4010,-16.280,21.420,-13.460,30.080
2024-04-26 12:45:05.5000,-16.810,21.390,-13.310,30.280
2024-04-26 12:45:05.6000,-16.530,21.340,-13.560,30.210
2024-04-26 12:45:05.7010,-15.980,21.060,-13.130,29.510
2024-04-26 12:45:05.7990,-16.420,21.160,-13.260,29.890
2024-04-26 12:45:05.9000,-16.050,21.350,-13.170,29.780
2024-04-26 12:45:05.9990,-16.240,21.440,-13.240,29.980
2024-04-26 12:45:06.0970,-16.240,21.270,-13.150,29.820
2024-04-26 12:45:06.1970,-16.310,21.200,-13.520,29.970
2024-04-26 12:45:06.2980,-16.250,21.310,-12.880,29.730
2024-04-26 12:45:06.3960,-16.120,21.440,-12.850,29.750
2024-04-26 12:45:06.4970,-16.030,21.330,-13.260,29.790
2024-04-26 12:45:06.5970,-16.000,21.640,-13.310,30.020
2024-04-26 12:45:06.6960,-16.040,21.540,-13.090,29.880
2024-04-26 12:45:06.7940,-16.400,21.490,-12.920,29.960
2024-04-26 12:45:06.8940,-15.980,21.070,-13.380,29.640
2024-04-26 12:45:06.9930,-16.280,21.190,-13.100,29.760
2024-04-26 12:45:07.0940,-16.440,21.500,-13.310,30.160
2024-04-26 12:45:07.1940,-16.080,21.410,-12.840,29.700
2024-04-26 12:45:07.2920,-15.900,21.090,-12.760,29.340
2024-04-26 12:45:07.3920,-16.100,21.210,-13.260,29.750
2024-04-26 12:45:07.4920,-16.380,21.590,-13.210,30.150
2024-04-26 12:45:07.5910,-16.120,21.150,-13.180,29.680
2024-04-26 12:45:07.6900,-16.230,21.320,-12.830,29.710
2024-04-26 12:45:07.7900,-15.970,21.460,-12.810,29.660
2024-04-26 12:45:07.8890,-15.830,21.590,-13.080,29.790
2024-04-26 12:45:07.9890,-15.990,21.530,-13.410,29.990
2024-04-26 12:45:08.0880,-16.020,21.670,-13.210,30.010
2024-04-26 12:45:08.1880,-16.230,21.330,-13.310,29.920
2024-04-26 12:45:08.2870,-16.270,21.520,-13.310,30.080
2024-04-26 12:45:08.3870,-16.240,21.280,-13.240,29.860
2024-04-26 12:45:08.4870,-16.250,21.490,-13.030,29.920
2024-04-26 12:45:08.5860,-15.990,21.370,-13.410,29.860
2024-04-26 12:45:08.6850,-15.990,21.410,-13.110,29.760
2024-04-26 12:45:08.7860,-16.090,21.440,-13.620,30.070
2024-04-26 12:45:08.8840,-16.340,21.290,-13.640,30.110
2024-04-26 12:45:08.9860,-15.940,21.590,-13.480,30.030
2024-04-26 12:45:09.0840,-15.880,21.690,-13.490,30.080
2024-04-26 12:45:09.1830,-15.880,21.690,-13.170,29.930
2024-04-26 12:45:09.2820,-16.070,21.850,-13.420,30.260
2024-04-26 12:45:09.3820,-15.940,21.820,-13.150,30.050
2024-04-26 12:45:09.4820,-16.200,21.630,-12.970,29.980
2024-04-26 12:45:09.5820,-16.150,21.320,-13.140,29.810
2024-04-26 12:45:09.6820,-16.130,21.480,-13.250,29.950
2024-04-26 12:45:09.7800,-16.280,21.400,-13.240,29.970
2024-04-26 12:45:09.8810,-15.960,21.120,-13.100,29.540
2024-04-26 12:45:09.9810,-16.160,21.410,-13.510,30.030
2024-04-26 12:45:10.0800,-15.970,21.670,-13.640,30.180
2024-04-26 12:45:10.1800,-15.670,21.200,-13.050,29.420
2024-04-26 12:45:10.2780,-16.070,21.160,-13.460,29.790
2024-04-26 12:45:10.3770,-15.890,21.110,-13.390,29.620
2024-04-26 12:45:10.4770,-16.110,21.400,-13.660,30.060
2024-04-26 12:45:10.5760,-15.910,21.470,-13.810,30.080
2024-04-26 12:45:10.6770,-15.860,21.150,-13.620,29.740
2024-04-26 12:45:10.7770,-15.800,21.310,-13.690,29.850
2024-04-26 12:45:10.8750,-16.250,21.470,-13.400,30.080
2024-04-26 12:45:10.9760,-16.210,21.220,-13.610,29.970
2024-04-26 12:45:11.0740,-15.600,21.460,-13.360,29.700
2024-04-26 12:45:11.1740,-16.080,21.310,-13.500,29.920
2024-04-26 12:45:11.2730,-16.180,21.660,-13.230,30.100
2024-04-26 12:45:11.3740,-16.500,21.160,-13.420,30.000
2024-04-26 12:45:11.4740,-16.110,21.420,-13.840,30.170
2024-04-26 12:45:11.5720,-16.070,20.940,-13.580,29.690
2024-04-26 12:45:11.6710,-16.040,21.550,-13.960,30.280
2024-04-26 12:45:11.7710,-16.060,21.170,-13.790,29.940
2024-04-26 12:45:11.8700,-16.140,21.160,-13.870,30.010
2024-04-26 12:45:11.9700,-16.070,21.300,-13.750,30.020
2024-04-26 12:45:12.0700,-16.150,21.520,-13.530,30.110
2024-04-26 12:45:12.1690,-16.100,21.100,-13.630,29.830
2024-04-26 12:45:12.2690,-16.180,21.320,-13.570,30.010
2024-04-26 12:45:12.3680,-16.240,21.300,-13.850,30.150
2024-04-26 12:45:12.4690,-16.420,21.080,-13.660,30.010
2024-04-26 12:45:12.5670,-16.210,21.000,-13.900,29.950
2024-04-26 12:45:12.6670,-16.150,21.260,-13.800,30.060
2024-04-26 12:45:12.7680,-16.470,21.230,-13.750,30.190
2024-04-26 12:45:12.8660,-16.020,21.200,-13.950,30.010
2024-04-26 12:45:12.9650,-16.060,21.490,-14.030,30.280
2024-04-26 12:45:13.0660,-15.940,21.080,-13.800,29.810
2024-04-26 12:45:13.1640,-15.910,21.390,-13.960,30.090
2024-04-26 12:45:13.2650,-16.090,21.350,-13.800,30.080
2024-04-26 12:45:13.3650,-16.060,21.590,-14.040,30.350
2024-04-26 12:45:13.4640,-16.060,21.720,-14.080,30.460
2024-04-26 12:45:13.5640,-15.840,21.650,-13.980,30.250
2024-04-26 12:45:13.6630,-16.170,21.400,-14.020,30.260
2024-04-26 12:45:13.7630,-16.010,21.830,-14.010,30.490
2024-04-26 12:45:13.8610,-15.900,21.470,-14.430,30.370
2024-04-26 12:45:13.9620,-16.130,21.750,-14.250,30.590
2024-04-26 12:45:14.0600,-15.680,21.760,-13.730,30.130
2024-04-26 12:45:14.1600,-16.030,21.580,-13.890,30.260
2024-04-26 12:45:14.2600,-16.280,21.670,-13.800,30.410
2024-04-26 12:45:14.3600,-16.060,21.380,-13.190,29.810
2024-04-26 12:45:14.4590,-15.710,21.340,-13.450,29.720
2024-04-26 12:45:14.5580,-15.810,21.490,-13.870,30.070
2024-04-26 12:45:14.6570,-16.140,21.120,-13.450,29.790
2024-04-26 12:45:14.7570,-16.170,21.350,-13.560,30.020
2024-04-26 12:45:14.8560,-16.010,21.200,-14.530,30.290
2024-04-26 12:45:14.9570,-16.260,21.450,-13.970,30.330
2024-04-26 12:45:15.0550,-16.350,21.260,-14.600,30.540
2024-04-26 12:45:15.1550,-15.800,21.840,-13.730,30.250
2024-04-26 12:45:15.2550,-16.040,21.620,-13.980,30.340
2024-04-26 12:45:15.3540,-16.370,21.400,-13.800,30.270
2024-04-26 12:45:15.4530,-16.150,21.470,-13.850,30.230
2024-04-26 12:45:15.5530,-16.370,21.540,-14.090,30.500
2024-04-26 12:45:15.6530,-16.320,21.560,-13.680,30.300
2024-04-26 12:45:15.7530,-16.320,21.410,-13.480,30.110
2024-04-26 12:45:15.8520,-16.170,21.570,-14.140,30.440
2024-04-26 12:45:15.9520,-15.720,21.140,-13.870,29.770
2024-04-26 12:45:16.0520,-16.080,21.440,-14.000,30.240
2024-04-26 12:45:16.1500,-15.910,21.600,-13.660,30.100
2024-04-26 12:45:16.2500,-16.050,21.500,-13.760,30.150
2024-04-26 12:45:16.3490,-16.550,21.430,-13.920,30.450
2024-04-26 12:45:16.4500,-16.630,21.420,-13.690,30.380
2024-04-26 12:45:16.5480,-16.480,21.060,-13.830,30.110
2024-04-26 12:45:16.6490,-16.370,21.090,-13.780,30.050
2024-04-26 12:45:16.7470,-16.360,21.650,-13.720,30.410
2024-04-26 12:45:16.8480,-16.120,21.340,-13.380,29.900
2024-04-26 12:45:16.9470,-16.520,21.320,-13.750,30.270
2024-04-26 12:45:17.0470,-16.330,21.320,-13.760,30.180
2024-04-26 12:45:17.1470,-16.480,21.600,-14.110,30.620
2024-04-26 12:45:17.2460,-16.250,21.560,-13.580,30.220
2024-04-26 12:45:17.3460,-16.290,21.490,-14.100,30.430
2024-04-26 12:45:17.4440,-16.350,21.230,-13.790,30.130
2024-04-26 12:45:17.5450,-16.330,21.360,-14.120,30.370
2024-04-26 12:45:17.6450,-16.310,21.350,-13.710,30.170
2024-04-26 12:45:17.7440,-16.170,21.360,-14.010,30.230
2024-04-26 12:45:17.8430,-16.160,21.480,-13.900,30.270
2024-04-26 12:45:17.9430,-16.190,21.400,-13.680,30.120
2024-04-26 12:45:18.0430,-16.000,21.470,-13.970,30.200
2024-04-26 12:45:18.1410,-16.010,21.440,-13.990,30.190
2024-04-26 12:45:18.2400,-16.110,21.350,-14.170,30.270
2024-04-26 12:45:18.3410,-16.510,21.300,-13.980,30.360
2024-04-26 12:45:18.4390,-16.490,21.380,-14.230,30.520
2024-04-26 12:45:18.5400,-16.600,21.390,-13.860,30.420
2024-04-26 12:45:18.6390,-16.190,21.470,-13.820,30.230
2024-04-26 12:45:18.7400,-16.360,21.150,-13.780,30.080
2024-04-26 12:45:18.8380,-16.250,21.420,-13.980,30.300
2024-04-26 12:45:18.9370,-16.260,21.280,-14.050,30.240
2024-04-26 12:45:19.0370,-15.900,21.280,-13.750,29.910
2024-04-26 12:45:19.1360,-16.170,21.520,-13.950,30.310
2024-04-26 12:45:19.2360,-16.220,21.500,-13.850,30.280
2024-04-26 12:45:19.3350,-16.250,21.400,-13.550,30.090
2024-04-26 12:45:19.4350,-15.730,21.390,-13.940,29.990
2024-04-26 12:45:19.5340,-16.060,21.400,-13.940,30.170
2024-04-26 12:45:19.6340,-16.260,21.420,-13.600,30.140
2024-04-26 12:45:19.7340,-16.120,21.430,-13.890,30.200
2024-04-26 12:45:19.8340,-16.130,21.470,-13.880,30.240
2024-04-26 12:45:19.9330,-15.870,21.470,-13.630,29.970
2024-04-26 12:45:20.0320,-16.140,21.190,-14.230,30.200
2024-04-26 12:45:20.1330,-16.190,21.410,-14.350,30.440
2024-04-26 12:45:20.2310,-16.220,21.550,-14.150,30.460
2024-04-26 12:45:20.3320,-16.360,21.290,-13.890,30.220
2024-04-26 12:45:20.4300,-16.010,21.380,-13.630,29.990
2024-04-26 12:45:20.5310,-16.290,21.560,-13.870,30.370
2024-04-26 12:45:20.6300,-16.090,21.410,-13.710,30.090
2024-04-26 12:45:20.7290,-16.050,21.510,-13.520,30.050
2024-04-26 12:45:20.8280,-16.140,21.410,-13.870,30.190
2024-04-26 12:45:20.9290,-16.130,21.640,-13.810,30.320
2024-04-26 12:45:21.0280,-15.840,21.630,-13.230,29.900
2024-04-26 12:45:21.1280,-15.760,21.510,-13.690,29.970
2024-04-26 12:45:21.2270,-16.200,21.770,-14.020,30.540
2024-04-26 12:45:21.3260,-15.910,21.410,-13.440,29.870
2024-04-26 12:45:21.4250,-16.020,21.430,-13.740,30.080
2024-04-26 12:45:21.5260,-16.000,21.190,-13.500,29.790
2024-04-26 12:45:21.6260,-15.860,21.290,-13.640,29.840
2024-04-26 12:45:21.7240,-16.040,21.410,-13.990,30.190
2024-04-26 12:45:21.8250,-15.930,21.380,-13.850,30.050
2024-04-26 12:45:21.9230,-15.700,21.390,-13.470,29.760
2024-04-26 12:45:22.0240,-16.030,21.390,-13.890,30.120
2024-04-26 12:45:22.1220,-15.930,20.990,-14.200,29.930
2024-04-26 12:45:22.2230,-16.080,21.410,-13.360,29.920
2024-04-26 12:45:22.3220,-16.180,21.300,-14.060,30.220
2024-04-26 12:45:22.4200,-16.160,21.580,-13.470,30.140
2024-04-26 12:45:22.5200,-15.720,21.450,-13.960,30.030
2024-04-26 12:45:22.6200,-16.150,21.530,-13.380,30.060
2024-04-26 12:45:22.7190,-16.350,21.280,-13.610,30.090
2024-04-26 12:45:22.8190,-16.160,21.460,-13.950,30.270
2024-04-26 12:45:22.9180,-16.060,21.520,-13.630,30.110
2024-04-26 12:45:23.0180,-16.350,21.310,-13.950,30.260
2024-04-26 12:45:23.1180,-16.130,21.480,-13.790,30.200
2024-04-26 12:45:23.2180,-16.350,21.380,-14.120,30.390
2024-04-26 12:45:23.3180,-16.140,21.610,-14.020,30.400
2024-04-26 12:45:23.4170,-16.320,21.290,-13.870,30.200
2024-04-26 12:45:23.5150,-16.200,21.070,-13.830,29.960
2024-04-26 12:45:23.6160,-16.140,21.070,-13.850,29.940
2024-04-26 12:45:23.7150,-16.020,20.990,-14.140,29.950
2024-04-26 12:45:23.8140,-16.260,21.170,-13.910,30.100
2024-04-26 12:45:23.9140,-16.140,20.760,-14.230,29.900
2024-04-26 12:45:24.0130,-16.050,21.130,-13.850,29.930
2024-04-26 12:45:24.1130,-16.280,20.840,-13.630,29.750
2024-04-26 12:45:24.2120,-16.340,20.970,-14.070,30.080
2024-04-26 12:45:24.3120,-16.250,21.030,-13.740,29.920
2024-04-26 12:45:24.4110,-15.860,21.240,-13.880,29.920
2024-04-26 12:45:24.5120,-16.170,21.300,-13.730,30.060
2024-04-26 12:45:24.6110,-16.300,20.940,-13.770,29.900
2024-04-26 12:45:24.7100,-16.100,20.950,-13.480,29.660
2024-04-26 12:45:24.8090,-16.340,21.420,-13.470,30.120
2024-04-26 12:45:24.9100,-16.140,21.120,-13.440,29.780
2024-04-26 12:45:25.0080,-16.030,20.940,-13.550,29.650
2024-04-26 12:45:25.1080,-16.350,21.330,-13.450,30.060
2024-04-26 12:45:25.2070,-16.330,21.310,-13.480,30.040
2024-04-26 12:45:25.3070,-15.980,20.950,-13.730,29.710
2024-04-26 12:45:25.4060,-15.890,21.250,-13.210,29.640
2024-04-26 12:45:25.5060,-16.320,21.030,-13.650,29.910
2024-04-26 12:45:25.6070,-15.690,21.230,-13.410,29.610
2024-04-26 12:45:25.7050,-16.110,21.610,-13.360,30.090
2024-04-26 12:45:25.8060,-16.230,21.170,-13.680,29.980
2024-04-26 12:45:25.9060,-16.100,21.290,-13.340,29.840
2024-04-26 12:45:26.0050,-15.990,21.370,-13.140,29.750
2024-04-26 12:45:26.1030,-15.990,21.500,-13.590,30.050
2024-04-26 12:45:26.2030,-16.080,21.410,-13.350,29.920
2024-04-26 12:45:26.3020,-16.090,21.080,-13.780,29.890
2024-04-26 12:45:26.4030,-16.350,21.110,-13.240,29.800
2024-04-26 12:45:26.5030,-16.210,21.250,-12.870,29.660
2024-04-26 12:45:26.6010,-16.200,21.590,-13.460,30.160
2024-04-26 12:45:26.7020,-16.260,20.920,-13.490,29.740
2024-04-26 12:45:26.8010,-15.710,21.360,-13.720,29.850
2024-04-26 12:45:26.9010,-16.230,21.120,-13.620,29.920
2024-04-26 12:45:27.0000,-15.860,20.960,-13.320,29.470
2024-04-26 12:45:27.0990,-15.990,21.320,-13.720,29.980
2024-04-26 12:45:27.1980,-16.000,21.370,-13.210,29.790
2024-04-26 12:45:27.2990,-15.940,21.120,-13.690,29.790
2024-04-26 12:45:27.3980,-16.090,21.200,-13.950,30.050
2024-04-26 12:45:27.4970,-15.960,21.480,-13.380,29.920
2024-04-26 12:45:27.5980,-16.300,21.610,-13.810,30.390
2024-04-26 12:45:27.6970,-16.190,21.570,-13.420,30.130
2024-04-26 12:45:27.7970,-15.800,21.510,-13.580,29.950
2024-04-26 12:45:27.8960,-16.110,21.060,-13.740,29.860
2024-04-26 12:45:27.9960,-15.840,21.270,-13.480,29.760
2024-04-26 12:45:28.0950,-15.710,21.440,-13.640,29.870
2024-04-26 12:45:28.1950,-16.320,21.430,-13.440,30.100
2024-04-26 12:45:28.2940,-15.850,21.470,-13.310,29.830
2024-04-26 12:45:28.3930,-16.090,21.550,-14.060,30.350
2024-04-26 12:45:28.4920,-15.810,21.610,-13.890,30.170
2024-04-26 12:45:28.5930,-15.690,21.490,-13.620,29.890
2024-04-26 12:45:28.6920,-15.800,21.390,-13.850,29.990
2024-04-26 12:45:28.7920,-15.860,21.420,-13.670,29.950
2024-04-26 12:45:28.8900,-16.360,21.340,-13.620,30.140
2024-04-26 12:45:28.9900,-15.960,21.650,-13.550,30.120
2024-04-26 12:45:29.0890,-15.720,21.580,-13.350,29.850
2024-04-26 12:45:29.1890,-16.110,21.440,-13.340,29.950
2024-04-26 12:45:29.2890,-16.150,21.670,-13.760,30.330
2024-04-26 12:45:29.3890,-16.090,21.490,-13.900,30.230
2024-04-26 12:45:29.4870,-15.760,21.340,-13.470,29.750
2024-04-26 12:45:29.5880,-16.220,21.180,-13.660,29.970
2024-04-26 12:45:29.6880,-15.820,21.750,-13.540,30.110
2024-04-26 12:45:29.7860,-16.180,21.620,-13.250,30.080
2024-04-26 12:45:29.8860,-16.020,21.320,-13.630,29.960
2024-04-26 12:45:29.9860,-15.630,21.390,-13.260,29.620
2024-04-26 12:45:30.0860,-15.820,21.700,-13.060,29.860
2024-04-26 12:45:30.1840,-16.140,21.390,-13.140,29.840
2024-04-26 12:45:30.2850,-15.780,21.670,-13.080,29.830
2024-04-26 12:45:30.3830,-16.180,21.080,-13.270,29.700
2024-04-26 12:45:30.4830,-16.140,21.490,-13.490,30.070
2024-04-26 12:45:30.5840,-15.850,21.190,-13.020,29.490
2024-04-26 12:45:30.6830,-15.920,21.580,-12.850,29.740
2024-04-26 12:45:30.7810,-16.300,21.540,-12.930,29.950
2024-04-26 12:45:30.8800,-16.190,21.660,-13.450,30.200
2024-04-26 12:45:30.9810,-16.260,21.830,-13.400,30.340
2024-04-26 12:45:31.0800,-16.180,21.930,-13.370,30.350
2024-04-26 12:45:31.1800,-16.020,21.500,-13.610,30.070
2024-04-26 12:45:31.2790,-16.170,21.480,-13.430,30.060
2024-04-26 12:45:31.3780,-16.040,21.210,-13.490,29.820
2024-04-26 12:45:31.4800,-16.280,21.860,-13.460,30.390
2024-04-26 12:45:31.5780,-16.140,21.180,-13.500,29.850
2024-04-26 12:45:31.6770,-16.380,21.450,-13.550,30.200
2024-04-26 12:45:31.7760,-16.270,21.240,-13.340,29.890
2024-04-26 12:45:31.8770,-15.800,21.770,-13.440,30.070
2024-04-26 12:45:31.9770,-16.090,21.480,-13.260,29.940
2024-04-26 12:45:32.0760,-16.120,21.430,-13.880,30.190
2024-04-26 12:45:32.1750,-16.220,21.520,-13.640,30.200
2024-04-26 12:45:32.2750,-15.950,21.920,-14.010,30.510
2024-04-26 12:45:32.3740,-15.980,21.440,-13.820,30.100
2024-04-26 12:45:32.4750,-16.000,21.330,-13.500,29.880
2024-04-26 12:45:32.5740,-15.890,21.330,-13.700,29.920
2024-04-26 12:45:32.6720,-15.720,21.660,-13.840,30.130
2024-04-26 12:45:32.7730,-16.020,21.180,-13.050,29.600
2024-04-26 12:45:32.8710,-15.790,21.650,-13.710,30.100
2024-04-26 12:45:32.9710,-16.290,21.410,-14.050,30.350
2024-04-26 12:45:33.0700,-16.380,21.400,-13.490,30.140
2024-04-26 12:45:33.1710,-16.300,21.310,-13.470,30.020
2024-04-26 12:45:33.2690,-16.200,21.340,-13.570,30.030
2024-04-26 12:45:33.3700,-16.240,21.120,-13.860,30.030
2024-04-26 12:45:33.4690,-16.520,21.480,-14.040,30.520
2024-04-26 12:45:33.5680,-16.380,21.470,-13.430,30.160
2024-04-26 12:45:33.6690,-16.410,21.370,-13.630,30.200
2024-04-26 12:45:33.7670,-16.200,21.340,-13.590,30.040
2024-04-26 12:45:33.8670,-16.160,21.530,-13.340,30.040
2024-04-26 12:45:33.9670,-16.100,21.450,-13.360,29.960
2024-04-26 12:45:34.0660,-16.120,21.450,-13.190,29.900
2024-04-26 12:45:34.1650,-15.970,21.400,-13.230,29.800
2024-04-26 12:45:34.2650,-16.430,21.380,-12.860,29.880
2024-04-26 12:45:34.3640,-16.460,21.000,-13.400,29.860
2024-04-26 12:45:34.4640,-16.310,21.210,-13.280,29.870
2024-04-26 12:45:34.5630,-16.080,21.440,-13.440,29.980
2024-04-26 12:45:34.6640,-15.940,21.390,-13.590,29.940
2024-04-26 12:45:34.7630,-16.080,21.270,-13.650,29.960
2024-04-26 12:45:34.8620,-16.330,21.410,-13.580,30.160
2024-04-26 12:45:34.9630,-16.030,21.670,-13.270,30.040
2024-04-26 12:45:35.0610,-16.410,21.380,-13.610,30.200
2024-04-26 12:45:35.1610,-16.040,21.510,-13.310,29.960
2024-04-26 12:45:35.2620,-15.840,21.500,-13.470,29.900
2024-04-26 12:45:35.3600,-16.180,21.510,-13.740,30.220
2024-04-26 12:45:35.4610,-16.170,21.460,-13.710,30.160
2024-04-26 12:45:35.5590,-16.140,21.080,-13.380,29.730
2024-04-26 12:45:35.6580,-15.780,21.200,-13.880,29.850
2024-04-26 12:45:35.7590,-16.180,21.320,-14.080,30.250
2024-04-26 12:45:35.8590,-16.000,21.190,-14.270,30.150
2024-04-26 12:45:35.9570,-15.780,21.500,-13.910,30.080
2024-04-26 12:45:36.0570,-16.090,21.080,-13.960,29.960
2024-04-26 12:45:36.1570,-16.040,21.050,-14.050,29.960
2024-04-26 12:45:36.2570,-16.300,21.280,-13.830,30.160
2024-04-26 12:45:36.3550,-16.310,21.180,-13.850,30.100
2024-04-26 12:45:36.4560,-16.220,21.080,-13.670,29.910
2024-04-26 12:45:36.5550,-16.160,21.180,-13.920,30.060
2024-04-26 12:45:36.6540,-16.270,20.930,-13.850,29.910
2024-04-26 12:45:36.7530,-16.460,21.440,-13.420,30.180
2024-04-26 12:45:36.8520,-16.120,21.730,-13.730,30.340
2024-04-26 12:45:36.9530,-16.230,21.240,-13.630,30.010
2024-04-26 12:45:37.0520,-16.270,21.150,-13.770,30.020
2024-04-26 12:45:37.1510,-16.050,21.500,-13.640,30.100
2024-04-26 12:45:37.2520,-16.040,21.410,-13.470,29.950
2024-04-26 12:45:37.3500,-15.970,21.750,-13.620,30.220
2024-04-26 12:45:37.4510,-15.970,21.450,-13.690,30.040
2024-04-26 12:45:37.5500,-15.730,21.590,-13.460,29.910
2024-04-26 12:45:37.6490,-16.330,21.460,-13.600,30.210
2024-04-26 12:45:37.7480,-15.940,21.170,-13.530,29.750
2024-04-26 12:45:37.8480,-15.680,21.130,-13.610,29.620
2024-04-26 12:45:37.9480,-16.330,21.460,-12.990,29.930
2024-04-26 12:45:38.0480,-16.370,21.320,-13.450,30.060
2024-04-26 12:45:38.1480,-16.120,21.690,-13.200,30.080
2024-04-26 12:45:38.2460,-16.130,21.430,-13.340,29.950
2024-04-26 12:45:38.3450,-16.080,21.410,-13.410,29.940
2024-04-26 12:45:38.4460,-16.410,21.490,-13.540,30.240
2024-04-26 12:45:38.5460,-16.120,21.150,-13.520,29.830
2024-04-26 12:45:38.6440,-15.870,21.630,-13.410,29.990
2024-04-26 12:45:38.7440,-16.120,21.310,-13.610,29.990
2024-04-26 12:45:38.8430,-16.130,21.240,-13.330,29.810
2024-04-26 12:45:38.9430,-16.250,21.300,-13.660,30.070
2024-04-26 12:45:39.0420,-16.150,21.210,-13.240,29.770
2024-04-26 12:45:39.1430,-15.860,21.280,-13.550,29.800
2024-04-26 12:45:39.2420,-16.030,21.250,-13.490,29.840
2024-04-26 12:45:39.3410,-15.990,21.190,-13.640,29.840
2024-04-26 12:45:39.4400,-16.190,21.290,-13.640,30.020
2024-04-26 12:45:39.5410,-16.040,20.930,-13.720,29.720
2024-04-26 12:45:39.6400,-16.190,20.870,-13.910,29.850
2024-04-26 12:45:39.7390,-16.270,21.240,-13.410,29.930
2024-04-26 12:45:39.8380,-16.090,21.250,-13.500,29.870
2024-04-26 12:45:39.9390,-16.330,21.550,-13.420,30.180
2024-04-26 12:45:40.0390,-16.250,20.960,-13.360,29.700
2024-04-26 12:45:40.1370,-15.940,21.490,-13.880,30.140
2024-04-26 12:45:40.2380,-16.170,21.240,-13.590,29.960
2024-04-26 12:45:40.3360,-16.250,21.280,-13.430,29.960
2024-04-26 12:45:40.4350,-16.260,21.070,-13.550,29.860
2024-04-26 12:45:40.5350,-16.010,21.180,-13.930,29.980
2024-04-26 12:45:40.6350,-16.370,21.180,-13.730,30.080
2024-04-26 12:45:40.7340,-16.250,21.350,-13.910,30.220
2024-04-26 12:45:40.8340,-15.960,21.310,-13.770,29.980
2024-04-26 12:45:40.9350,-16.150,20.820,-13.600,29.650
2024-04-26 12:45:41.0330,-15.700,20.950,-13.360,29.390
2024-04-26 12:45:41.1330,-15.990,21.230,-13.940,30.020
2024-04-26 12:45:41.2320,-16.060,21.850,-13.510,30.300
2024-04-26 12:45:41.3320,-16.410,21.610,-13.780,30.430
2024-04-26 12:45:41.4310,-16.160,20.970,-13.970,29.930
2024-04-26 12:45:41.5300,-15.960,21.050,-13.910,29.860
2024-04-26 12:45:41.6300,-15.810,21.230,-13.520,29.730
2024-04-26 12:45:41.7290,-15.910,21.450,-13.770,30.050
2024-04-26 12:45:41.8290,-16.000,21.410,-13.610,29.990
2024-04-26 12:45:41.9280,-16.000,20.980,-13.770,29.760
2024-04-26 12:45:42.0300,-15.500,21.350,-13.460,29.620
2024-04-26 12:45:42.1280,-15.590,21.250,-13.800,29.750
2024-04-26 12:45:42.2270,-16.060,21.360,-13.490,29.930
2024-04-26 12:45:42.3280,-15.910,21.080,-13.790,29.790
2024-04-26 12:45:42.4260,-16.390,21.170,-13.970,30.190
2024-04-26 12:45:42.5260,-16.070,21.210,-13.620,29.890
2024-04-26 12:45:42.6260,-16.040,21.020,-13.330,29.610
2024-04-26 12:45:42.7260,-15.940,20.950,-13.660,29.660
2024-04-26 12:45:42.8260,-16.140,21.230,-13.650,29.960
2024-04-26 12:45:42.9250,-15.630,21.270,-13.150,29.490
2024-04-26 12:45:43.0250,-16.250,21.260,-13.580,30.010
2024-04-26 12:45:43.1240,-16.030,21.070,-13.870,29.890
2024-04-26 12:45:43.2240,-15.720,20.960,-13.280,29.370
2024-04-26 12:45:43.3230,-15.750,21.290,-13.750,29.830
2024-04-26 12:45:43.4220,-15.760,21.020,-13.640,29.600
2024-04-26 12:45:43.5220,-15.990,20.930,-14.020,29.830
2024-04-26 12:45:43.6220,-16.110,21.180,-13.840,30.000
2024-04-26 12:45:43.7200,-16.260,21.130,-14.550,30.380
2024-04-26 12:45:43.8200,-16.090,21.300,-13.720,30.010
2024-04-26 12:45:43.9190,-16.020,21.320,-13.910,30.080
2024-04-26 12:45:44.0200,-16.280,21.170,-14.280,30.280
2024-04-26 12:45:44.1180,-15.930,21.460,-14.470,30.390
2024-04-26 12:45:44.2180,-15.800,21.580,-13.390,29.910
2024-04-26 12:45:44.3170,-16.260,21.330,-13.880,30.200
2024-04-26 12:45:44.4170,-16.150,21.260,-13.890,30.100
2024-04-26 12:45:44.5160,-16.050,21.000,-13.590,29.720
2024-04-26 12:45:44.6160,-15.710,21.110,-13.570,29.600
2024-04-26 12:45:44.7170,-16.260,21.000,-13.420,29.760
2024-04-26 12:45:44.8150,-15.690,21.140,-13.450,29.560
2024-04-26 12:45:44.9150,-15.840,21.210,-13.660,29.780
2024-04-26 12:45:45.0160,-16.010,20.870,-13.980,29.790
2024-04-26 12:45:45.1140,-15.660,21.290,-13.680,29.760
2024-04-26 12:45:45.2130,-15.640,21.250,-13.740,29.750
2024-04-26 12:45:45.3130,-15.780,21.390,-13.690,29.900
2024-04-26 12:45:45.4120,-15.300,21.210,-13.840,29.590
2024-04-26 12:45:45.5120,-15.530,21.460,-13.720,29.830
2024-04-26 12:45:45.6130,-15.700,21.530,-13.750,29.990
2024-04-26 12:45:45.7110,-15.780,21.050,-13.850,29.720
2024-04-26 12:45:45.8120,-15.740,21.660,-13.330,29.910
2024-04-26 12:45:45.9110,-15.730,21.480,-13.730,29.950
2024-04-26 12:45:46.0100,-15.860,21.280,-13.680,29.850
2024-04-26 12:45:46.1100,-15.730,21.290,-13.900,29.900
2024-04-26 12:45:46.2100,-15.980,21.010,-13.920,29.850
2024-04-26 12:45:46.3110,-16.230,21.270,-13.980,30.190
2024-04-26 12:45:46.4100,-16.050,20.940,-13.820,29.780
2024-04-26 12:45:46.5090,-16.230,21.200,-14.040,30.170
2024-04-26 12:45:46.6080,-15.990,21.380,-13.950,30.120
2024-04-26 12:45:46.7080,-16.090,21.060,-14.080,30.010
2024-04-26 12:45:46.8070,-15.790,21.080,-13.980,29.820
2024-04-26 12:45:46.9070,-16.310,21.110,-14.060,30.160
2024-04-26 12:45:47.0060,-15.680,21.270,-14.000,29.900
2024-04-26 12:45:47.1060,-15.860,20.900,-14.060,29.760
2024-04-26 12:45:47.2050,-15.850,21.410,-14.430,30.300
2024-04-26 12:45:47.3050,-15.540,21.290,-14.390,30.040
2024-04-26 12:45:47.4050,-16.150,21.200,-14.450,30.310
2024-04-26 12:45:47.5040,-15.690,21.090,-13.930,29.740
2024-04-26 12:45:47.6040,-16.090,21.310,-14.530,30.400
2024-04-26 12:45:47.7030,-15.690,21.170,-14.820,30.230
2024-04-26 12:45:47.8030,-15.790,21.240,-14.650,30.250
2024-04-26 12:45:47.9020,-15.620,21.090,-14.520,30.000
2024-04-26 12:45:48.0020,-16.200,21.490,-14.300,30.470
2024-04-26 12:45:48.1010,-15.790,21.360,-14.480,30.250
2024-04-26 12:45:48.2010,-15.730,21.550,-14.350,30.290
2024-04-26 12:45:48.3000,-15.580,21.530,-14.720,30.380
2024-04-26 12:45:48.3990,-15.630,21.540,-14.940,30.520
2024-04-26 12:45:48.4990,-16.000,21.490,-14.550,30.490
2024-04-26 12:45:48.5990,-15.920,21.210,-14.590,30.270
2024-04-26 12:45:48.6980,-16.100,21.420,-14.840,30.630
2024-04-26 12:45:48.7980,-15.920,21.570,-14.590,30.520
2024-04-26 12:45:48.8980,-16.060,21.430,-15.000,30.690
2024-04-26 12:45:48.9970,-15.810,21.330,-14.570,30.280
2024-04-26 12:45:49.0970,-15.960,21.410,-15.430,30.840
2024-04-26 12:45:49.1960,-16.030,21.830,-14.850,30.880
2024-04-26 12:45:49.2960,-16.010,21.790,-14.890,30.870
2024-04-26 12:45:49.3950,-15.920,21.830,-14.920,30.860
2024-04-26 12:45:49.4950,-15.910,21.960,-14.640,30.820
2024-04-26 12:45:49.5940,-15.980,21.710,-14.620,30.660
2024-04-26 12:45:49.6940,-16.140,21.560,-14.590,30.630
2024-04-26 12:45:49.7940,-16.090,21.480,-15.070,30.780
2024-04-26 12:45:49.8930,-16.190,21.570,-14.670,30.700
2024-04-26 12:45:49.9920,-15.660,21.340,-15.170,30.510
2024-04-26 12:45:50.0920,-15.690,21.370,-14.860,30.390
2024-04-26 12:45:50.1910,-15.700,21.450,-14.950,30.500
2024-04-26 12:45:50.2910,-15.910,21.310,-15.010,30.540
2024-04-26 12:45:50.3900,-15.580,21.480,-15.370,30.660
2024-04-26 12:45:50.4900,-15.680,21.260,-14.870,30.320
2024-04-26 12:45:50.5900,-15.910,21.340,-15.030,30.560
2024-04-26 12:45:50.6890,-15.650,21.310,-15.260,30.530
2024-04-26 12:45:50.7890,-16.070,21.560,-15.220,30.900
2024-04-26 12:45:50.8880,-15.660,21.870,-14.740,30.670
2024-04-26 12:45:50.9880,-15.700,21.870,-14.860,30.750
2024-04-26 12:45:51.0870,-15.790,21.820,-15.200,30.930
2024-04-26 12:45:51.1870,-15.680,21.900,-15.140,30.900
2024-04-26 12:45:51.2860,-15.680,21.960,-15.170,30.960
2024-04-26 12:45:51.3860,-15.950,21.460,-15.110,30.710
2024-04-26 12:45:51.4850,-15.710,21.950,-14.900,30.830
2024-04-26 12:45:51.5850,-15.790,21.790,-15.120,30.860
2024-04-26 12:45:51.6840,-15.640,21.650,-14.990,30.630
2024-04-26 12:45:51.7840,-16.140,21.820,-14.800,30.910
2024-04-26 12:45:51.8830,-15.960,21.630,-14.910,30.730
2024-04-26 12:45:51.9830,-15.920,21.680,-14.690,30.650
2024-04-26 12:45:52.0820,-16.080,21.500,-14.940,30.730
2024-04-26 12:45:52.1820,-16.140,21.840,-14.680,30.870
2024-04-26 12:45:52.2820,-16.050,21.620,-14.790,30.720
2024-04-26 12:45:52.3810,-15.850,21.620,-15.010,30.730
2024-04-26 12:45:52.4810,-15.560,21.710,-14.640,30.460
2024-04-26 12:45:52.5800,-15.860,21.640,-14.580,30.540
2024-04-26 12:45:52.6800,-15.880,21.280,-14.690,30.340
2024-04-26 12:45:52.7790,-15.330,21.680,-15.250,30.620
2024-04-26 12:45:52.8790,-15.830,21.630,-14.640,30.540
2024-04-26 12:45:52.9790,-15.950,21.570,-14.870,30.670
2024-04-26 12:45:53.0780,-15.940,21.470,-14.560,30.450
2024-04-26 12:45:53.1770,-16.150,21.730,-14.380,30.650
2024-04-26 12:45:53.2770,-16.200,21.640,-14.600,30.720
2024-04-26 12:45:53.3770,-16.040,21.820,-14.720,30.820
2024-04-26 12:45:53.4760,-15.900,21.850,-14.300,30.580
2024-04-26 12:45:53.5750,-16.400,21.380,-14.720,30.710
2024-04-26 12:45:53.6750,-16.070,21.640,-14.430,30.570
2024-04-26 12:45:53.7750,-15.760,21.390,-14.500,30.270
2024-04-26 12:45:53.8740,-16.080,21.540,-14.330,30.460
2024-04-26 12:45:53.9740,-15.880,21.440,-14.360,30.300
2024-04-26 12:45:54.0730,-16.090,21.470,-14.330,30.420
2024-04-26 12:45:54.1730,-15.840,21.370,-14.100,30.110
2024-04-26 12:45:54.2720,-16.030,21.760,-14.260,30.560
2024-04-26 12:45:54.3720,-16.060,21.480,-13.850,30.190
2024-04-26 12:45:54.4710,-16.320,21.590,-13.840,30.400
2024-04-26 12:45:54.5710,-15.740,21.710,-13.900,30.200
2024-04-26 12:45:54.6710,-15.910,21.530,-14.270,30.330
2024-04-26 12:45:54.7700,-16.030,21.660,-14.090,30.410
2024-04-26 12:45:54.8690,-16.020,21.500,-14.510,30.490
2024-04-26 12:45:54.9690,-16.080,21.480,-14.490,30.500
2024-04-26 12:45:55.0680,-15.940,21.550,-14.040,30.260
2024-04-26 12:45:55.1680,-15.710,21.410,-14.510,30.270
2024-04-26 12:45:55.2680,-16.000,21.020,-14.380,30.080
2024-04-26 12:45:55.3670,-15.730,21.280,-14.680,30.250
2024-04-26 12:45:55.4670,-16.100,21.340,-14.100,30.220
2024-04-26 12:45:55.5660,-16.080,21.360,-14.090,30.220
2024-04-26 12:45:55.6660,-16.020,21.370,-14.480,30.380
2024-04-26 12:45:55.7650,-15.950,21.330,-14.550,30.350
2024-04-26 12:45:55.8650,-16.040,21.320,-14.240,30.240
2024-04-26 12:45:55.9640,-16.230,21.540,-14.100,30.430
2024-04-26 12:45:56.0640,-15.820,21.320,-14.230,30.120
2024-04-26 12:45:56.1630,-16.130,21.320,-13.530,29.960
2024-04-26 12:45:56.2630,-16.120,21.520,-14.080,30.350
2024-04-26 12:45:56.3620,-15.970,21.430,-14.050,30.200
2024-04-26 12:45:56.4620,-15.810,21.500,-13.890,30.090
2024-04-26 12:45:56.5610,-15.610,21.370,-14.060,29.960
2024-04-26 12:45:56.6610,-15.700,21.310,-13.660,29.790
2024-04-26 12:45:56.7610,-15.870,21.490,-14.030,30.170
2024-04-26 12:45:56.8600,-15.940,21.460,-14.000,30.180
2024-04-26 12:45:56.9590,-15.970,21.580,-13.570,30.080
2024-04-26 12:45:57.0590,-15.820,21.660,-14.320,30.400
2024-04-26 12:45:57.1590,-16.010,21.460,-14.040,30.230
2024-04-26 12:45:57.2580,-15.930,21.150,-13.820,29.860
2024-04-26 12:45:57.3580,-16.050,21.510,-14.150,30.340
2024-04-26 12:45:57.4570,-15.870,21.170,-13.330,29.630
2024-04-26 12:45:57.5560,-15.870,21.520,-13.170,29.810
2024-04-26 12:45:57.6560,-16.230,21.450,-13.960,30.310
2024-04-26 12:45:57.7560,-15.880,21.450,-13.800,30.050
2024-04-26 12:45:57.8550,-15.970,21.250,-13.710,29.910
2024-04-26 12:45:57.9550,-15.800,21.430,-13.610,29.910
2024-04-26 12:45:58.0540,-16.150,21.330,-13.190,29.830
2024-04-26 12:45:58.1540,-16.030,21.580,-13.600,30.130
2024-04-26 12:45:58.2530,-16.360,21.320,-13.560,30.100
2024-04-26 12:45:58.3530,-15.950,21.220,-13.800,29.920
2024-04-26 12:45:58.4530,-15.920,21.080,-13.570,29.690
2024-04-26 12:45:58.5520,-16.530,21.380,-13.930,30.400
2024-04-26 12:45:58.6520,-16.500,21.640,-13.900,30.560
2024-04-26 12:45:58.7510,-15.940,21.450,-13.180,29.800
2024-04-26 12:45:58.8510,-16.030,21.410,-13.840,30.120
2024-04-26 12:45:58.9500,-16.120,21.490,-14.060,30.320
2024-04-26 12:45:59.0500,-16.330,21.360,-14.220,30.420
2024-04-26 12:45:59.1490,-16.450,21.190,-14.270,30.380
2024-04-26 12:45:59.2490,-16.400,20.830,-14.140,30.050
2024-04-26 12:45:59.3480,-16.360,21.000,-14.510,30.320
2024-04-26 12:45:59.4480,-16.120,20.890,-14.130,29.930
2024-04-26 12:45:59.5470,-16.080,21.000,-14.030,29.940
2024-04-26 12:45:59.6470,-16.230,21.420,-14.000,30.300
2024-04-26 12:45:59.7470,-16.280,21.320,-14.160,30.340
2024-04-26 12:45:59.8460,-16.290,21.280,-13.650,30.080
2024-04-26 12:45:59.9450,-16.490,21.290,-13.850,30.270
2024-04-26 12:46:00.0460,-16.460,21.540,-13.760,30.400
2024-04-26 12:46:00.1450,-16.360,21.160,-13.790,30.090
2024-04-26 12:46:00.2440,-16.160,21.320,-14.090,30.230
2024-04-26 12:46:00.3440,-16.010,21.470,-13.410,29.960
2024-04-26 12:46:00.4430,-16.080,21.400,-13.910,30.170
2024-04-26 12:46:00.5420,-16.030,21.110,-13.830,29.900
2024-04-26 12:46:00.6420,-16.160,21.320,-13.670,30.040
2024-04-26 12:46:00.7420,-16.280,21.480,-13.830,30.290
2024-04-26 12:46:00.8410,-15.970,21.530,-14.070,30.280
2024-04-26 12:46:00.9410,-15.940,21.430,-14.280,30.290
2024-04-26 12:46:01.0400,-15.930,21.230,-14.110,30.060
2024-04-26 12:46:01.1400,-15.660,21.410,-14.030,30.010
2024-04-26 12:46:01.2400,-16.300,21.690,-13.820,30.450
2024-04-26 12:46:01.3390,-16.080,21.870,-13.580,30.350
2024-04-26 12:46:01.4390,-16.000,21.440,-13.880,30.140
2024-04-26 12:46:01.5380,-15.910,21.090,-14.050,29.920
2024-04-26 12:46:01.6380,-16.300,21.310,-13.970,30.250
2024-04-26 12:46:01.7370,-16.120,21.370,-13.650,30.050
2024-04-26 12:46:01.8370,-16.100,20.960,-13.630,29.740
2024-04-26 12:46:01.9360,-16.060,21.420,-13.610,30.040
2024-04-26 12:46:02.0360,-16.100,21.300,-13.950,30.130
2024-04-26 12:46:02.1350,-16.170,21.230,-13.870,30.070
2024-04-26 12:46:02.2350,-16.160,21.280,-13.810,30.080
2024-04-26 12:46:02.3340,-16.440,21.100,-13.760,30.080
2024-04-26 12:46:02.4340,-16.000,21.100,-13.910,29.910
2024-04-26 12:46:02.5330,-15.890,21.300,-13.920,30.000
2024-04-26 12:46:02.6330,-16.310,21.320,-13.700,30.140
2024-04-26 12:46:02.7320,-16.130,21.170,-14.160,30.150
2024-04-26 12:46:02.8320,-16.120,21.150,-13.580,29.860
2024-04-26 12:46:02.9310,-16.200,21.420,-13.510,30.060
2024-04-26 12:46:03.0310,-15.890,21.130,-13.740,29.800
2024-04-26 12:46:03.1300,-15.990,21.070,-13.190,29.550
2024-04-26 12:46:03.2300,-15.700,21.340,-13.510,29.740
2024-04-26 12:46:03.3290,-15.630,20.960,-13.830,29.580
2024-04-26 12:46:03.4290,-15.510,21.200,-13.450,29.510
2024-04-26 12:46:03.5290,-15.810,20.890,-13.830,29.620
2024-04-26 12:46:03.6280,-15.790,21.210,-13.560,29.710
2024-04-26 12:46:03.7280,-15.500,21.060,-13.770,29.560
2024-04-26 12:46:03.8270,-15.270,21.110,-13.460,29.320
2024-04-26 12:46:03.9270,-15.150,20.670,-13.460,28.950
2024-04-26 12:46:04.0270,-15.560,21.130,-13.180,29.360
2024-04-26 12:46:04.1260,-15.710,21.040,-13.160,29.370
2024-04-26 12:46:04.2260,-15.950,20.810,-13.180,29.340
2024-04-26 12:46:04.3250,-15.860,21.400,-13.640,29.930
2024-04-26 12:46:04.4250,-15.600,21.330,-13.300,29.580
2024-04-26 12:46:04.5240,-15.800,21.320,-13.900,29.960
2024-04-26 12:46:04.6240,-15.750,20.830,-13.130,29.230
2024-04-26 12:46:04.7230,-15.810,21.080,-13.120,29.430
2024-04-26 12:46:04.8230,-15.920,21.040,-13.600,29.680
2024-04-26 12:46:04.9220,-15.590,21.000,-13.530,29.440
2024-04-26 12:46:05.0210,-15.590,21.090,-13.340,29.420
2024-04-26 12:46:05.1210,-16.020,21.240,-13.530,29.850
2024-04-26 12:46:05.2210,-15.820,20.930,-14.030,29.750
2024-04-26 12:46:05.3200,-15.710,21.010,-13.580,29.540
2024-04-26 12:46:05.4200,-15.620,20.910,-13.980,29.600
2024-04-26 12:46:05.5190,-15.490,20.810,-13.420,29.210
2024-04-26 12:46:05.6190,-15.480,21.010,-13.740,29.490
2024-04-26 12:46:05.7190,-15.640,21.210,-13.610,29.660
2024-04-26 12:46:05.8180,-15.680,21.010,-13.680,29.570
2024-04-26 12:46:05.9170,-15.730,20.870,-13.500,29.410
2024-04-26 12:46:06.1390,-15.680,20.770,-13.460,29.290
2024-04-26 12:46:06.1530,-15.870,20.760,-12.780,29.090
2024-04-26 12:46:06.2560,-15.850,20.850,-13.520,29.470
2024-04-26 12:46:06.3180,-15.470,20.940,-13.060,29.130
2024-04-26 12:46:06.4140,-15.760,21.090,-13.380,29.530
2024-04-26 12:46:06.5160,-15.650,21.040,-13.390,29.440
2024-04-26 12:46:06.6150,-15.750,20.920,-13.150,29.310
2024-04-26 12:46:06.7150,-15.850,21.060,-13.380,29.560
2024-04-26 12:46:06.8140,-15.560,21.170,-13.900,29.720
2024-04-26 12:46:06.9130,-15.650,20.750,-13.720,29.390
2024-04-26 12:46:07.0240,-15.670,21.080,-12.980,29.300
2024-04-26 12:46:07.1110,-15.830,21.070,-13.500,29.610
2024-04-26 12:46:07.2120,-16.110,20.910,-13.440,29.610
2024-04-26 12:46:07.3120,-15.620,20.810,-13.580,29.350
2024-04-26 12:46:07.4110,-16.030,20.890,-13.460,29.570
2024-04-26 12:46:07.5090,-15.590,21.150,-13.420,29.500
2024-04-26 12:46:07.6100,-15.590,20.990,-13.390,29.380
2024-04-26 12:46:07.7100,-15.920,21.100,-13.730,29.780
2024-04-26 12:46:07.8090,-16.120,21.140,-13.640,29.880
2024-04-26 12:46:07.9080,-16.190,21.410,-13.420,30.010
2024-04-26 12:46:08.0080,-16.070,21.080,-13.910,29.930
2024-04-26 12:46:08.1090,-15.640,20.850,-13.580,29.390
2024-04-26 12:46:08.2080,-15.910,21.380,-13.740,29.980
2024-04-26 12:46:08.3070,-16.150,21.370,-13.280,29.890
2024-04-26 12:46:08.4070,-16.090,21.640,-13.020,29.950
2024-04-26 12:46:08.5060,-15.970,21.310,-13.830,30.010
2024-04-26 12:46:08.6060,-16.100,20.800,-13.610,29.610
2024-04-26 12:46:08.7050,-16.040,21.070,-13.590,29.770
2024-04-26 12:46:08.8040,-15.820,20.950,-13.380,29.460
2024-04-26 12:46:08.9040,-15.890,21.010,-12.970,29.360
2024-04-26 12:46:09.0040,-15.950,20.930,-13.510,29.580
2024-04-26 12:46:09.1040,-16.150,20.960,-13.380,29.650
2024-04-26 12:46:09.2030,-15.980,20.870,-13.180,29.400
2024-04-26 12:46:09.3030,-15.900,21.050,-13.290,29.540
2024-04-26 12:46:09.4020,-15.930,21.070,-13.390,29.610
2024-04-26 12:46:09.5020,-15.980,21.240,-13.410,29.770
2024-04-26 12:46:09.6020,-15.620,20.910,-13.600,29.430
2024-04-26 12:46:09.7010,-15.970,20.920,-13.150,29.420
2024-04-26 12:46:09.8020,-15.980,20.990,-13.460,29.610
2024-04-26 12:46:09.9000,-15.650,20.510,-13.170,28.970
2024-04-26 12:46:09.9990,-15.640,20.740,-13.760,29.390
2024-04-26 12:46:10.0980,-15.950,20.780,-13.090,29.280
2024-04-26 12:46:10.1980,-16.120,20.400,-13.320,29.210
2024-04-26 12:46:10.2980,-15.960,20.900,-13.270,29.460
2024-04-26 12:46:10.3970,-16.090,20.880,-13.320,29.530
2024-04-26 12:46:10.4970,-15.760,21.320,-13.060,29.560
2024-04-26 12:46:10.5960,-15.860,21.140,-12.960,29.430
2024-04-26 12:46:10.6960,-15.640,21.160,-13.390,29.520
2024-04-26 12:46:10.7940,-15.760,20.960,-13.340,29.420
2024-04-26 12:46:10.8940,-15.760,21.340,-13.250,29.660
2024-04-26 12:46:10.9950,-15.780,20.970,-13.060,29.320
2024-04-26 12:46:11.0980,-15.710,21.210,-13.090,29.460
2024-04-26 12:46:11.1940,-15.920,20.950,-13.360,29.510
2024-04-26 12:46:11.2930,-16.110,20.980,-13.220,29.570
2024-04-26 12:46:11.3930,-16.060,20.810,-13.590,29.590
2024-04-26 12:46:11.4920,-16.050,20.780,-13.260,29.420
2024-04-26 12:46:11.5920,-15.590,20.990,-13.180,29.280
2024-04-26 12:46:11.6910,-15.870,20.950,-13.540,29.560
2024-04-26 12:46:11.7910,-15.750,20.980,-13.400,29.460
2024-04-26 12:46:11.8930,-15.780,20.820,-13.520,29.420
2024-04-26 12:46:11.9880,-15.850,20.920,-13.420,29.480
2024-04-26 12:46:12.0890,-15.790,21.090,-13.330,29.530
2024-04-26 12:46:12.1890,-15.740,20.750,-13.400,29.290
2024-04-26 12:46:12.2880,-15.650,20.900,-13.400,29.350
2024-04-26 12:46:12.3870,-15.650,20.910,-13.260,29.290
2024-04-26 12:46:12.4870,-15.580,20.900,-13.330,29.280
2024-04-26 12:46:12.5860,-15.920,21.030,-13.680,29.720
2024-04-26 12:46:12.6860,-15.350,20.970,-13.130,29.110
2024-04-26 12:46:12.7850,-15.630,20.460,-13.240,28.950
2024-04-26 12:46:12.8850,-15.940,20.850,-12.950,29.270
2024-04-26 12:46:12.9910,-15.950,20.650,-13.570,29.410
2024-04-26 12:46:13.1760,-15.620,20.700,-13.190,29.090
2024-04-26 12:46:13.4360,-15.860,20.940,-13.230,29.410
2024-04-26 12:46:13.5140,-15.680,20.720,-13.390,29.230
2024-04-26 12:46:13.5460,-15.790,20.590,-13.030,29.030
2024-04-26 12:46:13.5790,-15.810,20.840,-13.190,29.300
2024-04-26 12:46:13.6210,-15.640,20.840,-13.340,29.280
2024-04-26 12:46:13.6810,-15.560,20.580,-12.950,28.870
2024-04-26 12:59:10.3860,-15.560,20.600,-13.380,29.080
2024-04-26 12:59:10.3910,-15.590,20.490,-13.520,29.090
2024-04-26 12:59:10.3960,-15.770,20.610,-13.410,29.210
2024-04-26 12:59:10.4090,-15.840,20.700,-13.140,29.190
2024-04-26 12:59:10.4220,-15.410,20.470,-13.160,28.800
2024-04-26 12:59:10.4290,-15.570,20.620,-13.520,29.160
2024-04-26 12:59:10.4360,-15.790,20.790,-12.890,29.110
2024-04-26 12:59:10.4410,-15.670,20.690,-13.110,29.080
2024-04-26 12:59:10.4470,-15.900,20.490,-13.150,29.080
2024-04-26 12:59:10.4520,-15.700,20.760,-12.930,29.060
2024-04-26 12:59:10.4660,-15.670,20.780,-13.250,29.200
2024-04-26 12:59:10.4710,-15.810,20.580,-13.280,29.150
2024-04-26 12:59:10.4760,-15.680,20.480,-13.160,28.960
2024-04-26 12:59:10.4990,-15.630,20.480,-13.400,29.030
2024-04-26 12:59:10.5040,-15.510,20.720,-13.430,29.160
2024-04-26 12:59:10.5100,-15.720,20.870,-13.330,29.330
2024-04-26 12:59:10.5150,-15.640,20.550,-13.210,29.010
2024-04-26 12:59:10.5220,-15.580,20.800,-13.320,29.200
2024-04-26 12:59:10.5330,-15.470,20.560,-13.190,28.920
2024-04-26 12:59:10.5370,-15.690,20.460,-13.650,29.180
2024-04-26 12:59:10.5410,-15.460,21.170,-13.510,29.490
2024-04-26 12:59:10.5510,-15.710,20.800,-13.260,29.240
2024-04-26 12:59:10.5550,-15.600,20.710,-13.300,29.140
2024-04-26 12:59:10.5660,-15.880,20.520,-13.610,29.300
2024-04-26 12:59:10.5700,-16.030,20.600,-13.080,29.190
2024-04-26 12:59:10.5740,-16.350,20.490,-13.370,29.420
2024-04-26 12:59:10.5840,-15.860,20.440,-13.200,29.040
2024-04-26 12:59:10.5880,-15.850,20.550,-13.030,29.040
2024-04-26 12:59:10.5920,-15.670,20.950,-13.300,29.350
2024-04-26 12:59:10.5980,-15.740,20.640,-13.320,29.180
2024-04-26 12:59:10.6030,-15.870,20.880,-13.280,29.390
2024-04-26 12:59:10.6170,-15.370,20.740,-13.340,29.060
2024-04-26 12:59:10.6280,-15.210,20.870,-13.020,28.930
2024-04-26 12:59:10.6330,-15.370,21.170,-13.090,29.250
2024-04-26 12:59:10.6500,-15.440,20.910,-13.280,29.190
2024-04-26 12:59:10.6550,-15.470,21.000,-13.050,29.170
2024-04-26 12:59:10.6590,-15.120,21.330,-12.800,29.110
2024-04-26 12:59:10.6680,-15.660,21.260,-12.740,29.320
2024-04-26 12:59:10.6720,-15.260,20.970,-12.780,28.910
2024-04-26 12:59:10.6850,-15.490,21.210,-13.070,29.340
2024-04-26 12:59:10.6900,-15.340,20.860,-13.350,29.130
2024-04-26 12:59:10.6950,-15.480,20.830,-12.690,28.890
2024-04-26 12:59:10.7000,-15.340,21.280,-12.890,29.230
2024-04-26 12:59:10.7040,-15.510,21.180,-13.100,29.340
2024-04-26 12:59:10.7170,-15.240,21.200,-12.560,28.980
2024-04-26 12:59:10.7210,-15.410,21.300,-12.810,29.240
2024-04-26 12:59:10.7260,-15.100,21.020,-12.580,28.770
2024-04-26 12:59:10.7310,-15.490,21.180,-12.870,29.220
2024-04-26 12:59:10.7360,-15.490,20.880,-12.380,28.790
2024-04-26 12:59:10.7510,-15.380,21.020,-13.270,29.230
2024-04-26 12:59:10.7550,-15.350,20.970,-13.140,29.120
2024-04-26 12:59:10.7600,-15.680,20.910,-13.350,29.350
2024-04-26 12:59:10.7650,-15.560,21.150,-12.770,29.200
2024-04-26 12:59:10.7700,-15.310,21.040,-12.810,29.000
2024-04-26 12:59:10.7880,-15.640,20.830,-12.690,28.970
2024-04-26 12:59:10.7920,-15.330,21.120,-12.510,28.940
2024-04-26 12:59:10.7980,-15.370,21.320,-12.800,29.230
2024-04-26 12:59:10.8020,-15.180,21.090,-12.400,28.790
2024-04-26 12:59:10.8150,-15.310,21.010,-12.910,29.020
2024-04-26 12:59:10.8190,-15.380,20.850,-13.140,29.050
2024-04-26 12:59:10.8230,-15.350,21.310,-13.250,29.410
2024-04-26 12:59:10.8350,-15.280,21.310,-13.360,29.430
2024-04-26 12:59:10.8390,-15.640,21.090,-13.160,29.370
2024-04-26 12:59:10.8430,-15.320,21.230,-12.630,29.070
2024-04-26 12:59:10.8480,-14.910,21.150,-12.910,28.910
2024-04-26 12:59:10.8560,-15.730,21.040,-13.750,29.650
2024-04-26 12:59:10.8680,-15.820,20.820,-13.980,29.650
2024-04-26 12:59:10.8720,-15.520,20.940,-14.120,29.650
2024-04-26 12:59:10.8770,-15.770,20.710,-13.900,29.510
2024-04-26 12:59:10.8810,-15.930,20.840,-13.830,29.650
2024-04-26 12:59:10.8860,-16.030,20.960,-13.430,29.610
2024-04-26 12:59:10.9010,-15.560,20.840,-13.640,29.370
2024-04-26 12:59:10.9060,-15.920,21.270,-13.690,29.890
2024-04-26 12:59:10.9110,-15.620,21.310,-13.270,29.570
2024-04-26 12:59:10.9150,-15.560,21.120,-13.570,29.540
2024-04-26 12:59:10.9200,-15.370,20.900,-13.580,29.290
2024-04-26 12:59:10.9340,-15.620,21.110,-14.150,29.830
2024-04-26 12:59:10.9380,-15.680,21.070,-13.980,29.750
2024-04-26 12:59:10.9420,-15.350,21.280,-14.120,29.800
2024-04-26 12:59:10.9470,-15.570,21.220,-13.980,29.800
2024-04-26 12:59:10.9510,-15.570,20.940,-13.630,29.440
2024-04-26 12:59:10.9670,-15.650,20.950,-13.820,29.580
2024-04-26 12:59:10.9710,-15.820,21.240,-14.040,29.980
2024-04-26 12:59:10.9780,-15.720,21.350,-13.790,29.880
2024-04-26 12:59:10.9820,-16.000,21.120,-13.910,29.930
2024-04-26 12:59:10.9880,-15.610,20.740,-13.920,29.450
2024-04-26 12:59:11.0020,-15.560,20.920,-13.560,29.390
2024-04-26 12:59:11.0240,-15.970,21.190,-13.290,29.670
2024-04-26 12:59:11.1230,-15.850,21.090,-13.840,29.790
2024-04-26 12:59:11.2450,-16.090,20.810,-13.860,29.730
2024-04-26 12:59:11.3320,-15.740,20.900,-14.020,29.680
2024-04-26 12:59:11.4400,-15.640,20.900,-14.190,29.720
2024-04-26 12:59:11.5410,-15.820,20.830,-14.370,29.850
2024-04-26 12:59:11.6430,-15.930,21.030,-14.090,29.910
2024-04-26 12:59:11.7220,-15.680,21.280,-13.740,29.790
